Book Id,Title,Author,Author l-f,Additional Authors,ISBN,ISBN13,My Rating,Average Rating,Publisher,Binding,Number of Pages,Year Published,Original Publication Year,Date Read,Date Added,Bookshelves,Bookshelves with positions,Exclusive Shelf,My Review,Spoiler,Private Notes,Read Count,Owned Copies
239497470,Talasi,Virginia Woolf,"Woolf, Virginia",Milica Mihajlović,"=""8652151881""","=""9788652151882""",5,4.14,Laguna,Paperback,272,2024,1931,2025/12/10,2025/11/13,,,read,"Knjiga je bila istovremeno iscrpljujuća i prelepa. Vulf je u njoj pokušala da uhvati čitav život, sve muke i strahove koje progone pojedinca i čovečanstvo. Ispričana je iz perspektive šest prijatelja koji kroz solilokvijume izražavaju unutrašnja previranja, svoje svetove odvojene i u relaciji sa drugima.<br/><br/>Podeljena je na devet delova, svaki započinje opisom morskih talasa, prirode i sunca, dan polako protiče od praskozorja do sumraka a sa njim i životi protagonista prolaze od mladosti do poznih dana, od nevine dečije ljubopitljivosti do bolnih, poznih razmišljanja o prolaznosti i smrti.<br/><br/>Ovde nema radnje - ko to očekuje, neka odloži knjigu za neko drugo vreme. Knjiga je pisana u ritmu toka svesti; misli i osećaji neprekidno nadiru i toliko intenzivno da su mi bile potrebne česte pauze. Postoji limit koliko se može izdržati u glavi naratora okupiranog svojim mislima. Sa druge strane, svaka rečenica i misao je malo blago ili poetska briljantnost.<br/><br/>Virdžinija je u šest likova, ili u šest delova sebe, opisala motive koji su univerzalni, likove sa kojima se svako može poistovetiti: jedan koji diše kroz zemlju i mirise polja; drugi koji rasute delove sebe traži u drugim ljudima; treći koji je kao ukroćena zver i čiji nemirni duh u sebi nosi čitave vekove; četvrti koji živi u pokretu, u telesnoj igri i bljesku sadašnjeg trenutka; peti koji je zastrašujuće osetljiva duša koja prezire nesavršenost sveta; i šesti koji je na ivici realnosti i u svom krhkom, drugačijem svetu.<br/><br/><i>„I zato se pitam: ‘Ko sam ja?’ Spominjao sam Bernarda, Nevila, Džini, Suzan, Rodu i Luisa. Da li sam sav satkan od njih? Razdeljeni smo, odsutni smo. Pa ipak ne mogu da pronađem nijednu prepreku koja nas razdvaja. Dok sam govorio, osetio sam: ‘Ja sam vi.’ Otklonili smo i razlike koje su nam se činile toliko značajne i naš identitet koji smo tako grozničavo gradili. Moje se čelo još seća udarca Persivalove smrti. Moje se oči pune Suzaninim suzama. Vidim negde daleko onaj stub što ga je videla Roda i osećam britki vetar njenog tela u letu kada je skočila.”</i><br/><br/>Sigurno ću se vraćati knjizi iznova, koliko god da je izazovna i teška stilom - njena proza je vanvremenski lepa, njene misli istovremeno leče i ranjavaju. Verujem da će sa svakim čitanjem doneti nove uvide.<br/><br/><i>„Najzad ću moći da predahnem; najzad ću moći da se opustim. Sada ću najzad osloboditi dugo zadržavanu, potiskivanu želju da budem uništena, da me nema. Galopiraćemo zajedno preko pustinjskih brda, gde lasta zamače svoja krila u mračna jezera i gde netaknuti stubovi stoje uspravno. U talas što šiba obalu, u talas što rasipa belu penu do najdaljih uglova zemlje, bacam svoje ljubičice, svoje zadušnice Persivalu.”</i><br/><br/><b>4.25/5</b>",,,1,0
18871685,"The Prologue of Ohrid: Lives of Saints, Hymns, Reflections and Homilies For Every Day of the Year (Volume 1: January to June)",Nikolaj Velimirović,"Velimirović, Nikolaj","Eastern Orthodox Church, Herman of Alaska, Janko Trbovic, Timothy Tepsic","=""""","=""""",0,4.82,Sebastian Press Publishing House,Kindle Edition,2097,2012,1926,,2026/01/01,currently-reading,currently-reading (#6),currently-reading,,,,1,0
56291794,Božićna bajka,Charles Dickens,"Dickens, Charles",Marijana Gligorić,"=""""","=""""",4,4.09,Otvorena knjiga,Paperback,165,2018,1843,2025/12/29,2023/11/30,,,read,,,,1,0
5995692,Dvori od oraha,Miljenko Jergović,"Jergović, Miljenko",,"=""8683897621""","=""9788683897629""",0,4.33,Rende,Paperback,510,2008,2003,,2025/12/25,to-read,to-read (#63),to-read,,,,0,0
29546771,Trijumfalna kapija,Erich Maria Remarque,"Remarque, Erich Maria",,"=""866369007X""","=""9788663690073""",4,4.43,Nova Knjiga - Podgorica,Paperback,397,2014,1945,2025/12/18,2025/11/02,,,read,"Sada i zvanično Remark postaje jedan od mojih pisaca. Nakon četvrte pročitane knjige mogu sa sigurnošću da tvrdim da je u svakom svom romanu uspeo da stvori ono nešto što čitaoca iznova dirne, razoruža i zaboli. Ovakav stil pisanja, gde je gotovo svaka druga misao vredna podvlačenja ili citata, retko se sreće. Njegove priče teku prirodno i razvijaju se kao da same pronalaze svoj put.<br/><br/><i>“Ne. Mi nećemo umreti. Samo vreme. Prokleto vreme. Ono uvek umire. Mi živimo. Uvek živimo. Kad se probudiš, proleće je, a kad zaspiš, jesen je, i hiljadu puta je između toga zima i leto, i ako se do leta volimo, večni smo i nerazorivi, mi pobeđujemo u danima, a gubimo u godinama.”</i><br/><br/>U <i>Trijumfalnoj kapiji</i> u središtu je Ravik, nemački imigrant u Francuskoj bez papira, na pragu Drugog svetskog rata - on je cinični lekar koji nosi teret prošlosti i pokušava da pronađe smisao u svetu u kojem nigde nije dobrodošao. Kada započne vezu sa dramatičnom i nestabilnom glumicom, Remark pripoveda njihovu turbulentnu, krhku i strastvenu ljubavnu priču, inspirisanu piščevom vezom sa Marlen Ditrih.<br/><br/>Ispod ljubavne priče, roman je i duboka meditacija o izgnanstvu, identitetu i tihoj ljudskoj patnji, ispisana u mračnim pabovima i ulicama Pariza u kojima je stasavala jedna izgubljena međuratna generacija.<br/><br/><i>“Ljubav nije jezero u kome se uvek može ogledati... ona ima plimu i oseku i olupine i potonule gradove i bure i kovčege sa zlatom i bisere… ali biseri su duboko...”</i><br/><br/><b>4.25/5</b>",,,1,0
57094478,The Meaning in the Making: The Why and How Behind Our Human Need to Create,Sean Tucker,"Tucker, Sean",,"=""1681987236""","=""9781681987231""",0,4.45,Rocky Nook,Paperback,328,2021,,,2025/12/15,currently-reading,currently-reading (#5),currently-reading,,,,1,0
52696586,Izbledele duše,Mladen Jakovljević,"Jakovljević, Mladen",,"=""8662632769""","=""9788662632760""",0,4.59,Akademska knjiga,Paperback,260,2019,,,2025/12/12,to-read,to-read (#62),to-read,,,,0,0
210707600,"Kad ja pevam, igraju planine",Irene Solà,"Solà, Irene",Jelena Petanović,"=""8660241002""","=""9788660241001""",0,4.20,Heliks,Paperback,179,2023,2019,,2025/11/30,to-read,to-read (#61),to-read,,,,0,0
25959592,Ashtavakra Gita: A Word-for-Word Translation,Ashṭāvakra,"Ashṭāvakra, Ashṭāvakra",Janki Parikh,"=""9810963602""","=""9789810963606""",5,4.65,Janki Parikh,Kindle Edition,108,2015,1953,2025/11/30,2025/11/06,,,read,"Ashtavakra Gita je jedno od najradikalnijih dela indijske duhovnosti - ne drži čitaoca nežno za ruku, niti obilazi temu, već jasno i nedvosmisleno pokazuje put ka buđenju apsolutne svesti. Nema filozofije, nema mita, samo ogoljen dijalog između kralja i sveca, koji vodi direktno ka srži samospoznaje.<br/><br/>""Like a leaf in the wind the liberated one is untethered from life - desireless, independent, free.""<br/><br/>Knjiga ne nudi nikakve tehnike i rituale već poništava sve uvrežene pojmove: identitet, dužnost ka naporu, želju za ovim ili onim, patnju, pa čak i meditaciju. Ona kaže - sve je iluzorno, sve je samo deo poigravanja svesti i kad se sa tim znanjem saživi onda se sve vidi kao jedan san koji više nije patnja i u kojem se živi lako, spontano i lišeno tereta lične potrebe i obaveznosti. U suštini, ako se deo ovog znanja ponese u svet u kojem smo zatečeni, onda je lakše ne uzimati unutrašnja previranja suviše ozbiljno, ne vezivati se za ishod i jednostavno pustiti život da se odvija kroz nas umesto da ga pokušavamo forsirati. Kratka knjižica kojoj ću se vratiti - istovremeno zastrašujuća i oslobađajuća.<br/><br/>""One of tranquil mind seeks neither crowds nor wilderness. He is the same wherever he goes.""",,,1,0
323455,De Profundis,Oscar Wilde,"Wilde, Oscar","Masolino d'Amico, Oreste Del Buono","=""""","=""""",0,4.22,Fontamara,Paperback,188,1993,1897,,2023/12/14,currently-reading,currently-reading (#4),currently-reading,,,,1,0
60749961,U Kasno Ljeto,Magdalena Blažević,"Blažević, Magdalena",,"=""8660840151""","=""9788660840150""",5,4.15,Booka,Paperback,152,2022,2022,2025/10/31,2025/10/26,,,read,"<i>„Je li itko javio ljetu da sam umrla?“</i><br/><br/>Roman čula i atmosfere, emocija, živih slika i zvukova u ušima - opipljiv i do savršenih detalja opisan. Dakle, ne roman akcije, već stanja. Glas naratora je umrla devojčica od četrnaest godina, bele kose i kože,u  beloj haljini. Ona govori o svom poslednjem letu, o trenutku kada joj je nevino detinjstvo okrutno prekinuto u ratu devedeset treće. Radnja je smeštena u sablastan, bajkovit krajolik Bosne, pored šume, reke i pruge gde se prostire svet ispunjen hladnim suncem poznog leta, mirisom zemlje, truleži i slutnjom zla.<br/><br/>Ovo je istinita priča inspirisana stvarnim događajem iz autorkinog zavičaja. Magdalena spaja glas devojčice Ivane sa sopstvenim sećanjima na detinjstvo: trčanje po seoskim puteljcima, pripremanje turšije, kupanje u koritima i izbeglički život u oronulim kućicama. Oslikava dečju nevinost suprotstavljenu okrutnoj stvarnosti ruralne sredine i prećutnom iščekivanju nesreće.<br/><br/>Roman je sačinjen od kratkih poglavlja, poput bljeskova sećanja urezanih duboko u čoveku. Rečenice su kratke, poetične, ritmične, kao da prate disanje, kao da je svaka izgovorena uz bol, s prekidom da se uzme novi kratak dah. Radnja ne prati sled događaja - turobna stvarnost presečena je trenucima bezbrižnog svakodnevnog života, humora i dečjeg radovanja, ali ni za trenutak se ne može sakriti od one atmosfere što prožima sve.<br/><br/><i>„Oglušit ćete od mog krika!<br/>Razlio se šumom i poljem.<br/>Čujete li ga?<br/>U lepetu je ptičjih krila, u vjetru što zavija kroz otvorene prozore. U škripi drveta pod nogama, u metalnom zveketu.“</i><br/><br/>Ovakve priče su teške za čitanje, ali i danas neophodne – kao podsetnik na žrtve i tamnu stranu života, na izgubljenu nevinost, na zlo koje se ponavlja, i na potrebu da se živi svesnije, s više nežnosti i zahvalnosti.<br/><br/><b>4.25/5</b>",,,1,0
54818873,Hamlet,William Shakespeare,"Shakespeare, William",Svetislav Stefanović,"=""8675721633""","=""9788675721635""",5,4.03,Book,Hardcover,167,2015,1601,2025/10/24,2025/10/04,,,read,"Хамлет, лик бескрајно упечатљив и забаван - меланхолични принц у вртлогу освете, али и огледало наше душе – у којој морално преиспитивање јесте и спас и вечна тамница.<br/>Написана тако бритким језиком и луцидним хумором, ова трагедија мами осмехе, а истовремено нас мења и пита ""а ми ко смо и како се носимо са суровошћу овог света?"".<br/><br/><i>""О, Боже мој! могао бих бити уклештен у љуску од ораха, а да се ипак сматрам краљем бескрајних простора, само кад не бих имао рђавих снова.""</i><br/><br/>Владика Николај о Шекспиру:<br/><i>""Ja не познајем Шекспира. Чак и не могу да га познајем. Али он зна мене; он ме је описао, он је насликао све тајне моје душе на такав начин да читајући њега, налазим самога себе у њему.""</i>",,,1,0
42817359,Seobe,Miloš Crnjanski,"Crnjanski, Miloš",,"=""8652130825""","=""9788652130825""",5,3.75,Laguna,Paperback,288,2018,1929,2025/10/18,2025/10/07,,,read,"Роман у који је Црњански уткао душу народа што вечно лута између истока и запада, вере и сумње, неба и земље, у потрази за својом домовином и срећном звездом. Ванвременско, изазовно и прелепо.<br/><br/><i>“А кад се погледа овако у ноћ? Кад се стане, ево овде, у мрак, на вратима? Кад се погледају сва поља у месечини? Сва она брда у даљини... град, кровови... тамо облаци... сазвежђа... то небо пуно светлости? Кад се пред свим тим ућути? Је ли и онда као да пролазимо безумно... без смисла... је ли могуће да је све то једна бездана празнина?""</i>",,,1,0
12757148,"Družina prstena (Gospodar prstenova, #1)",J.R.R. Tolkien,"Tolkien, J.R.R.",Zoran Stanojević,"=""8673480671""","=""9788673480671""",5,4.41,Esotheria,Hardcover,429,2002,1954,,2023/12/01,currently-reading,currently-reading (#3),currently-reading,,,,2,0
35160593,Očevi i deca,Ivan Turgenev,"Turgenev, Ivan",,"=""""","=""""",4,4.00,Gutenbergova galaksija,Hardcover,211,2003,1862,2025/10/01,2025/09/25,,,read,"Roman smešten u 1859. godinu o neizbežnom sukobu generacija: starog sveta plemstva i romantizma koji se grčevito drži principa časti, ugleda i porodice i novog pokolenja koje odbacuje sve stege sistema, sve tradicionalne vrednosti, ali zajedno s njima i sam smisao života.<br/><br/>Obračun dva nepomirljiva sveta koja ne umeju da se povežu, da spoje praktično i romantično, odvija se tako što niko ne izlazi kao pobednik - jedni ostaju žalosni zbog nestajanja ustaljenog poretka, a drugi nespremni da se suoče sa životom koji iskušava njihova uverenja.<br/><br/>Upečatljivi likovi kroz promišljene dijaloge zadiru u univerzalno pitanje svake epohe – šta ostaje kada se staro ruši, a novo još ne može da podigne čvrste temelje? Poetična proza obiluje snažnim citatima i prikazuje nesreću i unutrašnje sukobe junaka. Ne mogu reći da me je roman oborio s nogu, ali je uspeo da na zanimljiv način dočara važan istorijski momenat čije teme i danas provejavaju kroz ljudske dileme i patnje.<br/><br/><b>4/5</b><br/><br/><i>„Kažite mi, molim vas, otkuda to, kada se naslađujemo čime, na primer muzikom, lepom večerom, razgovorom sa bliskim ljudima, otkuda to da mi pri takvoj nasladi samo slutimo o nekakvoj nepoznatoj sreći koja postoji negde, a ne osećamo prave sreće od toga.”<br/><br/>„Tako mnogo uspomena, ali nijedne koje bih se rado sećala, a napred, preda mnom, dug, dug put, ali... bez cilja...”<br/><br/>“Ali podnevna žega prolazi i nastaju veče i noć, a zatim i povratak u mirno pristanište, gde slatko spavaju izmučeni i umorni…”</i>",,,1,0
17616348,Saputnici,Isidora Sekulić,"Sekulić, Isidora",,"=""""","=""""",5,4.03,Plavi jahač,Paperback,135,1994,,2025/09/21,2025/08/20,,,read,"Јединствена Исидора - спој песничке душе, интелектуалне оштрине и префињености. Она је у стању да о најдубљим и најтананијим осећањима пише готово научно прецизно, да их разложи на атоме, а ипак да од свега створи поезију.<br/><br/>Њена мисао лебди кроз она осећања која нас походе у тренуцима ноћи и тишине: меланхолија, носталгија, страхови, пролазност; читање њеног описа главобоље је као посматрање флипер машине по којој неурон-лоптица кружи, одбија се од окидача и на крају излеће као бол. Мисли о пролазности и самоћи, тим универзалним темама које свуда срећемо, Исидора успева да прикаже на јединствено сугестиван начин; процес њеног размишљања делује хладно и уздржано, готово одбојно, а опет сликовито и пријемчиво.<br/><br/>Ова збирка прича можда је и најбољи улаз у Исидорин свет: она нас суочава са вечитим сапутницима душе - тугом, љубављу, растанком - онима од којих се никада, ни онда ни данас, не можемо одвојити.<br/><br/><b>4.25/5</b>",,,1,0
40365597,Umro sam u petak,Nenad Gugl,"Gugl, Nenad",,"=""""","=""""",5,4.57,Čvor,Paperback,195,2018,,2025/09/15,2025/03/16,,,read,"<i>„Ја јесам несавршен, али у тој несавршености крије се залог мог развитка.“</i><br/><br/>„Умро сам у петак“ није књига за свакога, а многе ће верујем и сам наслов одговорити од читања. Она удара директно – једноставним речима, понекад наивним стилом, али са намером да тргне и покрене. Не чита се ради лепоте приповедања, иако је бриљантна на свој начин - већ ради искре која се преноси са аутора на читаоца.<br/><br/>Роман почиње речима из наслова: младић умире и, у присуству анђела, премотава свој живот са стидом као филм, тражећи где је све кренуло наопако. Пред очима су му греси који су се годинама гомилали и створили од њега искварену сенку на странпутици живота. Да ли је могло другачије? Да ли би се заиста променио када би добио нову шансу?<br/><br/>Стил приповедања је често шематски, кружна радња врти се у причама, али динамика ипак остаје жива. Снага романа није у књижевном полету и оригиналној идеји, већ у томе што разбуђује машту и самосвест, што вас нагони да се суочите, да можда и себе васкрснете.<br/><br/><b>4.25/5</b><br/><br/><i>„Сваки проблем је у ствари танак, али снажан мост изнад дубоке провалије, којим ако кренем избегавам пад и погибељ. Моја мана је што често због дубине провалије не видим тај сићушан мост, па погрешно мислим да су проблем и провалија исто.“</i>",,,1,0
17876484,Nevidljivi gradovi,Italo Calvino,"Calvino, Italo",Tatjana Peruško,"=""""","=""""",3,4.10,"Ceres, Zagreb",Paperback,151,1998,1972,2025/09/02,2025/08/25,,,read,"Moj prvi i za sad poslednji susret s Kalvinom – jednostavno, nisam se pronašao u njegovom stilu. Koncepcija priče je zanimljiva: Marko Polo pripoveda Kublaj Kanu o gradovima koje je video na svojim putovanjima, ali to su gradovi metafore i misaoni eksperimenti. Jedan lebdi na paučinastim mostovima iznad provalije, drugi visi na flamingovim nogama daleko od zemlje, u trećem se u licima prolaznika ogledaju mrtvi iz vaše prošlosti… i taman kad se uživite u ideju jednog grada, kad biste da istražite njegovu priču i dublje zaronite unutra – Kalvino već okreće list i vodi vas dalje u drugu priču. Svaki grad stane na stranu-dve, kao kratka beleška u svesci ideja.<br/><br/>Zato je čitavo iskustvo delovalo kao da gledam katalog inicijalnih skica umetnikovih, a ne galeriju dovršenih radova. Neki gradovi su maštoviti i zaista podstiču imaginaciju i traženje simbolike, drugi deluju repetitivno ili neinteresantno. Povremeni dijalozi sultana i moreplovca koji prekidaju opise ne pružaju više od površne filozofije, što dodatno doprinosi utisku osrednjosti i blage pretencioznosti. Knjiga s potencijalom od koje čitalac dobija samo razglednice pa vi procenite da li je to dovoljno. <br/><br/><b>2.75/5</b>",,,1,0
27760706,Slikar prolaznog sveta,Kazuo Ishiguro,"Ishiguro, Kazuo",Gordana B. Todorović,"=""8664570302""","=""9788664570305""",0,3.78,Dereta,Hardcover,236,2015,1986,,2025/08/28,currently-reading,currently-reading (#2),currently-reading,,,,1,0
38356515,Moskva-Petuški,Venedikt Erofeev,"Erofeev, Venedikt",Venedikt Jerofejev,"=""8679581631""","=""9788679581631""",5,4.03,LOM,Paperback,0,2017,1969,2025/08/24,2025/06/04,,,read,"Grozničav san koji polako prestaje da se razlikuje od stvarnosti – pretočen u roman-poemu na izvanredan način. Ovo je knjiga o kreativnom, poetičnom unutrašnjem svetu na koji se obrušava turobna stvarnost.<br/><br/>Iz naslova se naslućuje putopis glavnog junaka, koji kreće vozom od Moskve prema Petuškama, malom gradiću gde ga čeka voljena žena. Naš junak je inteligentan, obrazovan čovek zaglibio u zavisnost od alkohola do te mere da ona potpuno preuzima njegov život. Jeftina ruska vodka i ""kreativni"" kokteli (šampon protiv peruti, kolonj­ska voda…) očito su bili najbolji prijatelji onih sa margine društva koji su u alkoholu tražili izbavljenje od samoće i od nakaradnog sistema.<br/><br/>Sentimentalno putovanje ubrzo prerasta u pijani košmar: voz postaje simbol života koji klizi bez jasnog odredišta. Svaka stanica i novo poglavlje je kao nova nota delirijuma koji narator proživljava.<br/><br/>Moskva–Petuški je mozaik žanrova: od putopisnog dnevnika do horora, od filozofske rasprave do distopije; lavirint književnih i biblijskih aluzija, političkih karikatura i grotesknih slika svakodnevice.<br/><br/>Sve je napisano u slobodnom, neformalnom stilu, gde se prepliću uzvišene misli i sočno psovanje, bez zadrške i preispitavanja da li će se neko naći uvređen. Jerofejev više nije mario – njegov voz je već jurio ka kraju sveta...<br/><br/><b>4.5/5</b><br/><br/><i>„Nije li ljudski život samo trenutno pijanstvo duše? A i pomračenje duše. Svi smo kao pijani, ali svako na svoj način, jedan je popio više, drugi manje. I na svakog drugačije deluje: jedan se ovom svetu smeje u lice, drugi  na grudima ovog sveta plače…“</i>",,,1,0
57212932,Očajanje,Vladimir Nabokov,"Nabokov, Vladimir",,"=""8664573522""","=""9788664573528""",4,3.90,Dereta,Hardcover,,2020,1934,2025/08/19,2025/08/02,,,read,"Dve stvari:<br/>1. Nabokov je toliko genijalan u svom pisanju da gotovo čini sve ostale autore posle njega neadekvatnim – u stanju je da vam delimično upropasti dalje čitalačko uživanje.<br/>2. Um i mašta mu funkcionišu na perverzno-iskrivljen način tako da sve što kreira nosi notu bizarnosti, pa se ponekad zapitate: “Nema li lepših stvari na svetu na koje može da rasipa svoj raskošni talenat?” Ali takav je Nabokov – njegova ludost neodvojiva je od njegove lucidnosti.<br/><br/>Takav je slučaj i sa Očajanjem u kojem, naravno nepouzdani narator, nakon što sretne svog ""dvojnika"", dolazi na podlu ideju o zločinu - o magnum opusu njegovog života i o savršenoj priči koju iz toga stvara. Da li je sve to zaista genijalno kako želi čitaocu i sebi da predstavi ili njegovi kreativno skovani planovi imaju nedostatke i pukotine koje prete da ga raskrinkaju? <br/><br/>U ovoj parodiji na detektivski roman, Nabokov se igra sa formom i očekivanjima čitaoca: kao briljantni virtuoz na violini namerno greši note, stvarajući komično lošu kompoziciju – naravno, u svemu tome njegova stilska briljantnost ostaje netaknuta. Još jedno podsećanje da je Nabokov ekscentrični, ali u svakom trenutku vrhunski, majstor ove igre.<br/><br/><b>4/5</b><br/><br/><i>""Nije bilo dana bez neke moje laži. Lagao sam kao što slavuj peva, sa zanosom, do samozaborava, naslađujući se novom životnom harmonijom koju sam sâm stvarao. Za takve masne laži majka mi je odvaljivala ćuške po ušima, dok me je otac tukao bičem od bivolje žile. To me nije ni najmanje obeshrabrivalo; naprotiv, podsticalo je uzlet mojih maštarija. Zaglušenog uha i pocrvenele stražnjice, ležao sam na trbuhu u visokoj travi voćnjaka, zviždao i snevao.""</i>",,,1,0
34196472,Fratarske priče,Ivo Andrić,"Andrić, Ivo",,"=""8652120110""","=""9788652120116""",5,4.32,Laguna,Paperback,200,2015,2010,2025/08/17,2025/03/27,,,read,"Vredna zbirka fascinantnih, tematski povezanih priča o dogodovštinama fra Marka i drugih bosanskih fratara – priča kakve su se prepričavale po mehanama uz piće i prenosile pokolenjima pored ognjišta. To su priče o slikovitim, daleko od savršenim junacima, koji su u doba osmanlijske vlasti upadali u svakojake neprilike i pokazivali svoju ljudsku stranu – svoju osobenost i ćud, koje su im istovremeno bile i slabost i najveća snaga, i po čemu nam i ostaju tako živopisno u sećanju.<br/><br/><i>""U sebi on je vidio jasno, dva života i dva svijeta, onaj veliki i vječni i ovaj mali i prolazni; i danas on je mogao da oživi ono osjećanje užasa pri pomisli na milione ljudi koji gube onaj pravi i jedini istinski život zbog ovog kratkog i malog i njegovih jadnih slasti i dobara. I sada je osjećao kako ga guši potreba da doziva, da pomaže i spasava. I sada, dosta puta, kad baci pogled kroz prozor na svojoj ćeliji i sagleda njive i krovove pod prvim mrazom, obasjane mjesečinom, njemu se, umjesto tih mirnih njiva, ukaže odjednom cijela božja zemlja u svoj svojoj širini i po njoj, kao vatrene pjege i đavolji pečati, posijani gradovi.""<br/><br/><br/>""U fra Marku se, ne prvi put, dizala strašna misao da božje i đavolje nije jasno ni pravo podijeljeno, i da se ne zna, da niko ne zna, kolika je čija sila i gdje im je prava međa.<br/>Sklapao je oči u kojima su još plamsali ognjevi svih gradova ovoga svijeta i pretvarali se u bijesne i nemoćne suze. Postepeno, misao koja se digla kao prijekor i buna, malaksavala je i pretvarala se u molitvu. I fra Marko je molio Boga usrdno „da se razgraniči već jednom sa đavolom"", da se pokaže jasnije jadnom čovjeku koji mora da propadne kad je okružen zamkama.""</i>",,,1,0
45021179,Usta puna zemlje ; Smrt gospodina Goluže,Branimir Šćepanović,"Šćepanović, Branimir",,"=""8664572267""","=""9788664572262""",5,4.31,Dereta,Paperback,213,2019,1974,2025/08/16,2025/08/10,,,read,"Genijalno. Uzbudljivo i uznemirujuće. Dve novele koje prevazilaze domaće okvire i pripadaju samom vrhu svetske književnosti — rame uz rame s Procesom ili Strancem.<br/>Pričaju o sukobu koji nastaje kada dokona, praznoglava gomila naiđe na neznanca kojeg ne razume niti može da predvidi njegove namere, i o neizbežnom apsurdu i tragici  koju doživljava pojedinac koji se izdvaja.<br/><br/>Ovo svako mora da čita.",,,1,0
169238378,Djakon bogorodicine crkve,Isidora Sekulić,"Sekulić, Isidora",,"=""""","=""""",5,4.28,Laguna,Paperback,0,2020,1919,2025/08/09,2025/07/17,,,read,"Kao da je sto godina od objavljivanja romana donelo jedan potpuno novi svet u kojem se ova tanana, nežna i uzvišena priča više ne vrednuje i ne privlači čitaoca. Ali Isidora je bila neshvaćena i u svoje vreme. Njena suptilna, produhovljena priroda jednostavno je nepojmljiva za običnog smrtnika.<br/><br/>Priča se odvija na tromeđi umetničke opijenosti, religiozne predanosti i ljubavnog zanosa, i opisuje zabranjenu ljubav između monaha i mlade umetnice. U malom, palanačkom mestu gde svako svakog zna, oni se slade uzvišenim osećanjima koja ih obuzimaju, i pate jer strepe zbog neostvarivosti svojih tihih sanjarenja.<br/><br/>Isidorin jedini roman, napisan je prelepim, prepoznatljivim poetičnim stilom i stvara ženskog lika snažnog kao retko koji u srpskoj književnosti. A ako poverujemo da je u lik divne Ane Isidora utkala svoju vlastitu prirodu i deliće svog života (jer to tako snažno isijava), onda je ova dirljiva priča način da se zaviri duboko u dušu izuzetne spisateljice.<br/><br/><i>“Ako sam ja već sada zgazila lepotu, i već sada preživela poslednje lepe časove i u muzici i u crkvi? Pomilovana ruka, slatka reč, to je možda već demon koji žuri, žuri... Možda sam na prvi pokret ljubavi trebala odmah navaliti kamen rastanka, kamen večitog ćutanja i odricanja...”</i><br/><br/><b>4.25/5</b>",,,1,0
33628228,Nebo nema miljenike,Erich Maria Remarque,"Remarque, Erich Maria",Miloje Legetić,"=""8663690207""","=""9788663690202""",4,4.27,Nova knjiga plus,Paperback,246,2016,1961,2025/08/01,2025/07/24,,,read,"Da bih ga razvrstao od prethodna dva Remarka koja sam čitao (Noć u Lisabonu, Na zapadu ništa novo), Nebu koje nema miljenike moram dati četvorku — iako je i ovo snažna, potresna priča u kojoj se ovog puta prepliću ljubav i neizbežnost smrti. Odbegla mlada bolesnica i vozač auto-trka, ratni veteran, kreću u putešestvije koje bi, nadaju se, moglo ispuniti njihove živote — ali ih u stopu prati senka prošlosti i vizija nesrećne budućnosti s kojom ne umeju da se izbore. Slomljeni ljudi u očajničkom pokušaju da pronađu sreću, iako duboko u sebi ni ne veruju da su je vredni.<br/><br/>Roman se uglavnom odvija kroz dijaloge, pa Remarkova prepoznatljiva poetičnost ne dolazi toliko do izražaja. Ali tu je i dalje ona njegova slika izgubljenih ljudi i izgubljenog vremena — i ona neizbežnost  s kojom u tom gubitku prepoznajemo delove sebe.<br/><br/><blockquote><i>Volela je da gleda na ulicu kojom je proticao život užagrenih i beznadežnih očiju. Teško je bilo verovati u besmrtnost duše svakog pojedinca te beskrajne ljudske struje. Kuda putuju njihove duše posle smrti? Da li se raspadaju kao i njihova tela? Ili lutaju kao duhovi u ovakvim večerima želja, strasti i očajanja, puni bezglasnog straha i zaklinjanja da im se dozvoli da ostanu ono što su bili.</i></blockquote>",,,1,0
41821195,Bele noći,Fyodor Dostoevsky,"Dostoevsky, Fyodor",,"=""""","=""""",5,4.07,Nova knjiga,Paperback,70,2014,1848,2024/07/18,2024/07/12,,,read,"Sve što jedan zanesenjak može tražiti od ljubavne priče. Kada se život makar na trenutak prenese iz iluzija u stvaran svet...<br/><br/><i>""I potom, kad smo se opraštali, pružila mi je ruku i rekla, jasno me pogledavši:<br/>- Sada smo, dakle, zasvagda zajedno, nije li istina?<br/>O, Nastjenjka, Nastjenjka! Kad bi ti znala u kakvoj sam ja sada samoći!""</i>",,,2,0
30293957,Bleda vatra,Vladimir Nabokov,"Nabokov, Vladimir",,"=""8664570655""","=""9788664570657""",5,4.17,Dereta,Hardcover,307,2016,1962,2025/07/16,2024/03/18,,,read,"Iskobeljah se nekako iz ove maglovite zemlje, u kojoj ne znaš šta je stvarnost a šta halucinacija, i da li uopšte išta u njoj ima smisla. Nabokov se ovde potpuno otkačio - on u knjizi ismeva sve, počevši od samog sebe, pa do umetnika, vladara, književne kritike, pa i samog čitaoca.<br/><br/>Struktura: imamo pesmu od 999 stihova — duboko ličnu, lepu i potresnu elegiju Džona Šejda, o smrti ćerke, o životu sada i posle smrti. I onda imamo Čarlsa Kinbota, suseda i samoproklamovanog prijatelja, koji preuzima na sebe da piše književni komentar uz pesmu. Međutim, njegovi komentari brzo gube vezu sa Šejdom i stihovima, i pretvaraju se u narcisoidnu hroniku njegovog alternativnog univerzuma koja postepeno proždire čitav roman.<br/><br/>Sa toliko namerne baljezgarije neizbežno je da će vas knjiga u jednom trenutku dovesti do košmarnog bunila - da li ste u Šejdovom ili Kinbotovom svetu, šta je stvarno, pa se možda zapitate i za sopstveno postojanje...<br/><br/>Knjiga je jedna velika igrarija i genijalnost koja u tihim kutovima krije lične tragedije i vredne spoznaje! Toliko nivoa ima da je potrebno strpljenje posložiti ih sve, a ako i uspete u tome do kraja - hoćete li dobiti svoje odgovore? <br/>Stoga ne preporučujem osim u slučajevima kad hoćete sebi malo da otežate život i ne smeta vam kad vam autor stalno podmeće nogu ili izmiče tlo. S druge strane svedočićete još jednom briljantnosti Nabokovljevoj - koji je realno daleko bolji pisac nego što ću ja kao čitalac verovatno ikad biti. Ali u tome i jeste zabava i izazov zbog kog mu se vraćam.<br/><br/><i>""A potom crna noć. Taj mrak beše uzvišen.<br/>Osetih se razdeljen u prostoru i vremenu:<br/>Jedno stopalo na vrhu planine, jedna šaka<br/>Ispod šljunka na dahtavom žalu,<br/>Jedno uho u Italiji, jedno oko u Španiji,<br/>U pećinama moja krv, a među zvezdama moj mozak.""</i>",,,1,0
16147853,Freni i Zui,J.D. Salinger,"Salinger, J.D.",Flavio Rigonat,"=""8683499588""","=""9788683499588""",5,3.96,LOM,Paperback,170,2009,1957,2025/06/28,2025/06/24,,,read,"Prvi susret sa Selindžerom, sve samo ne ono što sam očekivao — dugo sam pokušavao da uhvatim nit knjige i kuda sve vodi; na kraju me osvojila svojom pronicljivošću i grubom dirljivošću. Roman bez konkretne radnje, vođen dijalozima i pismima, a u središtu mu je nadarena, duhovita, ali krajnje disfunkcionalna porodica. Fokus je na bratu i sestri iz naslova, koji su prinuđeni da prerano sazru, razvijajući u toj borbi gorčinu i cinizam prema svetu.<br/><br/>Iako se u njihovim odnosima naslućuje toplina, na površini dominiraju sarkazam i nadmenost — pred očima mi se javlja scena iz Otvorenih vrata — epizoda psihodrama, gde su svi na ivici pucanja. U takvoj porodici, u kojoj svaki član vodi ličnu borbu sa krizom identiteta ili nervnim slomom, nameće se pitanje: kako uzdići sebe i ponuditi ljubav umesto ogorčenosti? Kako prezir prema svetu pretvoriti u razumevanje, ili čak služenje višem cilju?<br/><br/>Likovi su, bar u početku, odbojni redom svi do jednog — dok polako ne počneš da nazireš šta ih je takvima načinilo. Zašto su zatvoreni, sarkastični, nadmeni i svadljivi? Moja privrženost rasla je eksponencijalno sa svakom stranicom, na kraju ti dođe da ih zagrliš i oprostiš im njihovu ćud.<br/><br/>Kao čitalac gotovo da i sam prođoh kroz neku vrstu katarze zajedno s njima, sa ovom gomilom dražesnih, antagonističkih, i za svoje dobro previše inteligentnih karaktera...<br/><br/><b>4.25/5</b><br/><br/><i>„Rekao je da je — tačno je tako rekao — sedeo sasvim sam za kuhinjskim stolom, pio džindžerejl, jeo grisine i čitao Dombija i sina, kad je iznenada na drugu stolicu seo Isus i pitao da li bi i on mogao da dobije čašicu džindžerejla. Čašicu, zamisli... baš je tako rekao. Mislim, on govori takve stvari, a ipak misli kako je apsolutno pozvan da meni deli gomilu saveta i sve! To je ono što me izluđuje! Dođe mi da pljunem! Najozbiljnije! Kao da si u ludnici, pa ti dođe drugi bolesnik preobučen u doktora, i počne da ti opipava puls ili nešto...“</i>",,,1,0
42073681,Pacijent iz sobe 19,Zoran Žmirić,"Žmirić, Zoran",,"=""9532592202""","=""9789532592207""",5,4.60,HENA COM,Paperback,208,2018,2018,2025/06/23,2024/12/03,,,read,"Jednog dana sa devetnaest godina bezbrižno u klubu skačeš uz Sisters of Mercy - već sledećeg si na frontu sa puškom, uvučen u rat koji nikad nije bio tvoj. <br/><br/>Surovo iskrena, opasno zabavna, antiratna ispovest glavnog junaka - traumatizovanog, ratom 90-ih osakaćenog Riječanina. Bez dlake na jeziku, bez prećutkivanja, on opisuje svoj život kroz seriju od oko četrdeset epizoda, upoznajući nas sa živopisnim likovima, i tragičnim događajima koji su se odigravali, i svim traumama i životnim istinama koje su iz toga proizašle. <br/><br/>Remark i Bukovski da su se dogovorili za jedan zajednički projekat - pa možda bi ovako nekako ispalo. Strašna ispovest - olakšana veštim doziranjem humora i sarkazma u autorovom pripovedanju.<br/><br/>Može da se čita polako, po ""epizodama"" ali i da se bindžuje zbog svoje forme i zanimljivosti. Još ću se družiti sa Zoranovim knjigama.<br/><br/><b>4.25/5</b>",,,1,0
49209555,Bučers Krosing,John  Williams,"Williams, John",,"=""""","=""""",5,4.18,Plato ,Paperback,258,2019,1960,2025/06/19,2025/06/14,,,read,"Majstorstvo s kojim Džon Vilijams piše prozu treba postati predmet izučavanja u školama. Reči se nižu tako lako, kao da su oduvek stajale u tom redosledu, kao da je ovo bio jedini mogući način da se priča ispriča. Svaka reč i rečenica, svaka napeta akciona sekvenca, suprotstavljena opisima prirode i unutrašnjem svetu protagoniste — sve je savršeno na svom mestu. Posledica toga je da se stranice same okreću, a vi, u hipnotisanom stanju, i ne primećujete koliko vas je priča uvukla.<br/><br/>Stoner nas je sve oduševio suptilnom briljantnošću u razvoju karaktera i sudbine protagoniste. Bučers Krosing, kao njegova preteča, pleni na sličan način, iako je tematika dijametralno različita: umesto akademskog života, ovde je u središtu borba čoveka i prirode divljeg zapada — ali i dubok unutrašnji nemir i potraga za smislom.<br/><br/>Ova brutalna ""vestern priča"" prati grupu od četvorice lovaca koji kreću preko vrele, sušne prerije i oštrih planina Kolorada u potragu za stadom bizona. Naizgled jednostavna fabula se polako razvija kroz njihovu borbu sa prirodom, životinjama, bolnim telima, međusobnim neslaganjima i sopstvenom savešću. Sastavljena je od živopisnih, a često mučnih detalja koji nas uvlače u borbu da se savlada nešto što je od početka nepobedivo — sama priroda.<br/><br/>Ko nije otporan na ljudsku okrutnost, ludilo i gramzivost, na zverstvo prema životinjama — Bučers Krosing čita na sopstvenu odgovornost. Autor nas svojim izvanrednim opisima, dubokim razumevanjem veština preživljavanja u divljini, zakonitosti prirode i posledica njihovog narušavanja — stavlja rame uz rame s likovima, tako da nema skrivanja. Pred očima su slike nedirnute, iskušavane prirode; u ušima odzvanjaju pucnji, čuje se žubor reke i topot konja, i svež je miris tepiha od borovih iglica...<br/><br/>Ali još više od toga — ova priča zadire u čovekovu unutrašnju potragu za slobodom, idealima i autentičnošću, suočavajući ga sa ogoljenom slikom okrutnog sveta u kojem mnogi izgube svoj put.<br/><br/>Knjiga vas uvuče i ne pušta.<br/><br/><br>4.5/5</b><br/><br/><blockquote><i>„Video je samo tamnozeleni zastor od iglica i granja, kao suvo more, zamrznuto u trenutku mira — more večno mirno, preko koga bi mogao koračati, ali bi sa svakim pokretom tonuo, lagano tonuo u zelenu masu, dok se ne bi našao u srcu šume bez vazduha, postao njen deo, mračno sam.“</i></blockquote><br/>",,,1,0
406373,Faust,Johann Wolfgang von Goethe,"Goethe, Johann Wolfgang von",Walter Kaufmann,"=""0385031149""","=""9780385031141""",0,3.89,Vintage,Paperback,503,1962,1808,,2024/03/16,to-read,to-read (#47),to-read,,,,0,0
23514818,Putovanje nakraj noći (I-II),Louis-Ferdinand Céline,"Céline, Louis-Ferdinand",,"=""8683499405""","=""9788683499403""",0,4.18,LOM,Paperback,521,2004,1932,,2025/06/18,to-read,to-read (#60),to-read,,,,0,0
31172400,Губилиште [Gubilište],Chingiz Aitmatov,"Aitmatov, Chingiz",,"=""""","=""""",5,4.30,"Logos, Beograd",Hardcover,291,2008,1986,2025/06/14,2024/08/13,,,read,"Губилиште - како прикладан опис света у који нас је Ајтматов увео - у којем се оваплотио дух руске степе и сурових планина. Роман вас увлачи у дубину мојункумске природе — не као посматрача, већ као сведока неизбежног сукоба између човека, дивљине и бога. Књига не даје ни трунку комфора, утехе или скровишта. Јер је ова прича све само не лагана. Кроз њу се иде тихо, са зазирањем од злокобних догађаја који следе, са дубоким осећајем нелагоде у свакој реченици. Једини мир дају оживљавајуће слике степе и њене тишине.  <br/><br/>Књига комбинује три наративна тока - приче о вучици Акбари, њеном нераздвојном пратиоцу и породу који покушавају да сачувају, о новинару-богослову Авдију који се ставља у улогу месије и поштеном земљораднику Бостону над којим се зла судбина поиграва. Приче се преплићу као нити, надовезују, урањају једна у другу и рађају се на начин какав до сад нисам срео - тако да се не осети ни где једна почиње, ни где друга завршава. <br/><br/>Истражују се дубоке теме природе добра и зла, шта нас нагони да чинимо злодела и како се носимо са неправедношћу света према нама. То је и еколошка парабола о последицама људске похлепе и разарања света који не разумеју. Јер свет је изгубио свој ослонац и стихијски нестају доброта, чиста савест и природни закони. <br/><br/>Драго ми је што сам на препоруку узео овог аутора, скривеног од очију шире јавности, чије дело буди дух једног импозантног света и времена људске помрачености.<br/><br/><b>4.5/5</b><br/><br/><i>""А плава стрмен Исик-Куља бивала је све ближа и он зажеле да се раствори у њој, да ишчезне - и желео је и није желео да живи. Баш као ови пенушави таласи - талас ускипти, нестане и изнова се обнавља сам из себе...""</i><br/><br/><i>""Само за једно молим, учини овакво чудо: нека брод онај плови стално истом оном трасом из дана у дан, из ноћи у ноћ, све док се дан и ноћ смењују оним редоследом у космичком обртању Земље који си Ти одредио. Нек плови он, тај брод, са стражом сталном, са цевима занавек покривеним, из океана у океан, и нека таласи ударају о крму и нек се чују њихов непрестани моћни хук и тутњава. Нека га капљице океана засипају кишом шуштавом, нека удише ону влагу, грку и испарљиву. Нек чује шкрипу палубе, рику мотора из потпалубља и крике галебова који с повољним ветром следе брод. И нек плови брод ка светлом граду на далеком океанском жалу, премда му пристајање уз њега занавек није дато…""</i>",,,1,0
35005196,"Radecki marš (Von Trotta Family, #1)",Jozef Rot,"Rot, Jozef",,"=""8684807928""","=""9788684807924""",4,4.11,Ukronija,Paperback,272,2015,1932,2025/06/08,2025/06/03,,,read,"Roman o propasti jednog sveta – o završnim danima Austrougarske monarhije i kraju svih iluzija koje su je održavale. Kroz tri generacije porodice Trota, od slavnog početka do ponižavajućeg kraja, prikazano je kako se gube osećaj svrhe, časti i služenja nečemu višem. U sudbinama likova ogledaju se moralno srozavanje i duhovno otupljivanje, u tesnoj sprezi s raspadom poretka koji je već bio mrtav – samo što to još niko nije želeo da prizna. Sve to pripoveda autor koji je i sam doživeo slom monarhije i razbijanje sopstvenih iluzija, pa ostatak života proveo u alkoholu i očaju.<br/><br/>Knjizi je nedostajala umetnička lucidnost koja bi je podigla iznad korektnog i dobrog. Stil je solidan, ali bez izražene upečatljivosti; pripovedanje stabilno, ali više podseća na temeljnu hroniku nego na pulsirajuću priču. U tom smislu, roman je vredan i istorijski poučan, iako bez one umetničke oštrice koja bi ga učinila nezaboravnim.<br/><br/><i>“Na put je krenuo veseo i razdragan, uputivši se u neki pustolovni kraj kod svog dragog sina. A sada se, sa osećanjem usamljenosti, vraća od usamljenog sina — sa ove granice gde se već tako jasno vidi propadanje sveta, onako jasno kao što se, nadomak grada koji vedrim plavim nebom još ništa ne sluti, jasno vidi dolazak nevremena.”</i><br/><br/><b>3.75/5</b>",,,1,0
209684962,Živa voda,Clarice Lispector,"Lispector, Clarice",Ana Kuzmanović Jovanović,"=""""","=""""",5,4.26,Kontrast,Unknown Binding,72,2023,1973,2025/05/31,2025/05/31,,,read,"Haotično, nadrealno, lično, aforistično, ekspresivno, poetsko, filozofsko, grozničavo, nelinearno, pitko, intimno, onomatopejsko, zagonetno, opčinjavajuće, zlokobno i uznemirujuće, snoliko, duhovito, razigrano, neukalupljeno, neuhvatljivo — teško je pronaći dovoljan skup reči da se opiše ova ispovest bez forme, bez reda, bez filtera, koja u skokovima prelazi s jedne misli na drugu i, poput vode, izmiče iz ruku kad joj pokušaš uhvatiti trag. Intiman monolog sa životom i smrću, kroz koji deluje kao da ti se Klaris — slikarka i spisateljica — lično obraća iz vrtloga misli i bezdana osećanja, moleći da je osetiš. Ne mogu reći da sam uvek uspevao, ali sam sa uživanjem na kratko bio deo njenog sveta.<br/><br/><i>“Da bih se obnovila i da bih te obnovila, vraćam se u svoje stanje vrta i senke, sveže stvarnosti, jedva da postojim i ako postojim, postojim uz delikatnu brigu. Oko senke je toplo od obilnog znoja. Živa sam. Ali osećam da još uvek nisam dosegla svoje krajnje granice, granice sa čim? Bez granica, avantura opasne slobode. Ali rizikujem, živim rizikujući. Puna sam akacija koje se žute ljuljaju, a ja koja sam jedva započela svoj put, započinjem ga uz osećaj tragedije, pogađajući ka kojem se to izgubljenom okeanu kreću koraci mog života. I bolno osvajam budžake u sebi, moja ludila me guše od silne lepote. Ja sam ranije, ja sam skoro, ja sam nikad. I sve sam to stekla kada sam prestala da te volim.”</i><br/><br/><b>4.25/5</b>",,,1,0
4631,A Moveable Feast,Ernest Hemingway,"Hemingway, Ernest",James Naughton,"=""""","=""""",4,4.02,Vintage,Paperback,192,2012,1964,2025/05/26,2025/05/21,,,read,"Hemingvejev memoar o godinama provedenim u Parizu dvadesetih, dok je još bio siromašan i neafirmisan pisac. Vodi nas kroz susrete sa Džojsom, Ficdžeraldom i drugim umetnicima epohe, osvetljava njihove osobenosti, razgovore o književnosti, vrednostima i pisanju, njihove male avanture i složene odnose.<br/><br/>U svom prepoznatljivom stilu, Hemingvej suštinske stvari - poput odnosa sa ženom i ličnih osećanja - opisuje veoma suzdržano, ostavljajući ledeni breg nevidljiv za čitaoca sve do završnog poglavlja. <br/><br/><i>“We would be together and have our books and at night be warm in bed together with the windows open and the stars bright.”</i><br/><br/>Ovaj dnevnik njegovih iskustava iz mladosti, poput albuma starih fotografija ima dve svrhe: nama da slikovito približi jedno fascinantno doba Pariza dok je služio kao mesto sastančenja nezaboravnih, autentičnih likova književne istorije, a autoru kao tugaljivo sećanje na vreme davno prošlo i žal za izborima čije se posledice nose celog života. <br/><br/><i>“But this is how Paris was in the early days when we were very poor and very happy.”</i><br/><br/><b>3.75/5</b>",,,1,0
12457847,Mrtve duše,Nikolai Gogol,"Gogol, Nikolai","Nikolaj V. Gogolj, Zlatko Crnković","=""9537160394""","=""9789537160395""",5,3.98,Globus media,Paperback,319,2004,1842,2025/05/20,2025/05/10,,,read,"Satirični roman o osobenjaku upletenom u mutne poslove i o čitavom buljuku čudnih, ništavnih likova iz ruske provincije. Svi zajedno čine tužan portret bede i besmislene svakodnevice društva u propadanju. Majstor apsurda i suptilne duhovitosti, Gogolj stvara groteskne karaktere kakve možemo prepoznati i među sobom.<br/><br/><i>“Zaspa vanrednim snom, kao što spavaju samo oni srećni ljudi koji ne znaju ni šta su šuljevi, ni buve, niti odveć velike umne sposobnosti.”</i><br/><br/>Knjiga je, međutim, ostala nedovršena. Planirana kao saga u tri dela – o paklu, iskupljenju i raju – završila se prerano, u fragmentima drugog dela, tek kad smo počeli nazirati obrise nekog lepšeg sveta. Ostatak je sam autor spalio pred smrt. <br/><br/>Uprkos tome, Mrtve duše stoje poput velelepne ruševine - prekinute i dragocene. Možda to simboliše i večitu ljudsku težnju za unutrašnjim preobražajem – koji se, nažalost često, nikad do kraja ne ostvari. <br/><br/>---<br/><br/><i>“Poznato je da na svetu ima mnogo takvih lica kod kojih priroda nije dugo mudrovala kad ih je gradila, nije upotrebljavala nikakve fine instrumente, kao: turpije, burgijice i ostale, nego je prosto tesala iz sve snage: udarila jedanput sekirom – izišao nos, udarila drugi put – izišle usne, velikim svrdlom provrtela oči i, onako neodeljano, pustila u svet, rekavši: ‘Nek živi!’”<br/><br/>“Ponesite sa sobom, kad prelazite iz nežnog, mladog doba u surovo i bezdušno zrelo doba – ponesite sa sobom sve lepe pokrete duše čovečje, ne ostavljajte ih na putu, docnije ih nećete naći.”</i><br/><br/><b>4.25/5</b>",,,1,0
35968964,Pomorci,Victor Hugo,"Hugo, Victor",Dragoslav Smiljanić,"=""""","=""""",4,4.05,Rad,Hardcover,463,1955,1866,2025/05/07,2025/04/22,,,read,"Viktor Igo u Pomorcima još jednom pokazuje sposobnost da stvori epsku priču o čovekovoj borbi – ovaj put sa nemilosrdnom prirodom i višim silama. Središnja okosnica romana je sukob mornara sa morem, dva ravnopravna aktera ove drame: čoveka koji se ne predaje i stihije koja divlja i zastrašuje. Igo ovu borbu uzdiže gotovo do mita, prikazujući je kao večitu i univerzalnu.<br/><br/>Dok su opisi borbe sa prirodom izuzetno moćni – iako ponekad, zbog neiscrpnih, stručnih detalja, teški za vizuelizaciju – emotivna linija priče ističe se kao njena slaba tačka. Romantični motivi su nejasni, zbrzani i nedovoljno razrađeni, što umanjuje snagu junakove žrtve. Igo je pokušao da napravi biblijsku priču o ljubavi i odricanju, ali nedostatak dubine u odnosima likova ostavlja osećaj neispunjenosti.<br/><br/>Ipak, moć jezika izbija iz knjige i još jednom potvrđuje Igoa kao majstora opisa i atmosfere. Čak i kada radnja zastaje, njegove reči nose čitaoca – bilo da opisuju bes talasa ili tišinu usamljeničke kolibe. Da nije bilo nekih logičkih nedostataka, Pomorci bi možda bili savršeniji. No, i onakvi kakvi jesu, ostavljaju snažan utisak zahvaljujući Igoovom nenadmašnom daru za stvaranje nečeg izvanrednog iz svakodnevnih ljudskih drama.<br/><br/><blockquote><i>„Strašan nemir u prostoru ima svoju skalu, opasan krešendo – vihor, vetar, orkan, bura, oluja, uragan, ciklon. Sedam žica na liri vetrova, sedam nota ambisa. Pred njim grmljavina prestane kao da ju je strah. Vetrovi jure, lete, riču, smeju se, besni, uživaju na razjarenim talasima. Ko ih čuje, sluša Pana, i što je strašno – igraju se. Njihova velika radost sačinjena je od mraka. Oni vrše hajku na brodove po vodenim pustinjama, trubeći svojim trubama, kreću u veliki crni lov na brodolome kroz meteže talasa i oblaka.“</i></blockqoute><br/><br/><b>3.75/5</b>",,,1,0
13419296,Vandeja se buni,Victor Hugo,"Hugo, Victor",,"=""8674461875""","=""9788674461877""",0,4.08,Novosti,Hardcover,431,2010,1874,,2025/05/15,to-read,to-read (#59),to-read,,,,0,0
7384889,Sidarta,Hermann Hesse,"Hesse, Hermann","Herbert Caro, Otto Maria Carpeaux","=""""","=""""",5,4.08,Civilização Brasileira,Paperback,122,1970,1922,,2023/12/01,,,read,"Knjiga koja, i kad se čita četvrti ili ko-zna-već-koji put, iznova dopire do najudaljenijih, skrivenih odaja u meni. Mali preporod doživim nakon svakog čitanja. Sidarta ne nudi odgovore, ali vodi ka mestima gde su sakriveni — u govoru prirode, u hučanju reke, u traganju i u tišini... Ultimativna priča koja me uvek oraspoloži i podseti da volim život i svet oko sebe.<br/><br/><blockquote><i>""Povremeno bi u dubini grudi čuo samrtnički, jedva čujni glas, koji ga je tiho opominjao, koji se tiho jadao. U takvim trenucima, do svesti bi mu doprlo da vodi neobičan život, da je sve što radi samo igra, da je, doduše, vedar, a ponekad čak i radostan, ali da pravi život ipak prolazi mimo njega ne dotakavši ga.""</i></blockquote>",,,2,0
49335391,Stopama Hristovim,Isidora Sekulić,"Sekulić, Isidora",,"=""8664310904""","=""9788664310901""",5,4.54,Bernar,Paperback,214,2019,,2025/04/07,2025/03/07,,,read,"У време када модерни човек непрестано јури за спољашњим испуњењима и признањима, дело Исидоре Секулић ""Стопама Христовим"" стоји као тихи подсетник на другачији пут – пут унутрашњег богатства и духовног промишљања. Ово је изузетна збирка религиозних есеја и медитативних записа који откривају вишеструке квалитете Исидорине личности - духовну освешћеност, филозофску проницљивост, научну педантност и поетски сензибилитет, између осталих. <br/><br/>У есејима се дотиче разноврсних тема: природе времена и пролазности, поређења уметности и светости, проблема савремене површности и таштине, питања божанске правде, суштине љубави и молитве. Води нас у српске манастире, Жичу и Раковицу али и проводи кроз хришћанску историју у есејима о Светом Августину, Светом Фрањи Асишком и Томи Кемпијском. Исидора је, са својим широким образовањем и дубоким познавањем западне и источне хришћанске традиције, успела да нам приближи најлепше мисли и поуке ових мистика.<br/><br/>Исидора је била далеко испред свог времена, док је истовремено своје вредности црпла из најдубљих и најлепших извора историје света. Њене мисли лебде негде изван граница времена и простора и дотичу на начин који ме подсећа зашто мистици, велики уметници и свеци оставе тако дубок траг у нама — јер нам помажу да осетимо оно вечно у пролазном свету.<br/><br/><b>4.5/5</b><br/><br/><i>„Сваког часа човек као с бичем гони време да прође. Гледа у часовник, очима гура казаљке да што брже иду. Неће да је свестан времена. Спава, да би га прескочио. Чека човек да већ једном буде и збуде се: здравље, иметак, положај, суседова пропаст, мир душе.“<br/><br/>„Пун је ваздух имена и одјека о изнимним личностима, о онима „који пишу“, и који ће кроз своја дела живети, живети, о, страшно дуго живети, увек живети. Да ли, Боже, неко од њих има силу духа и машту да замисли, и види, време после његове смрти, време у којем њега нема, нема.<br/><br/>Само врло малобројнима је дато да пишу за ‘вечност’; што ће рећи за извесну будућност. То су они који, не као изузетне, него као позитивне личности одржавају континуитет духовне егзистенције човечанског рода.“<br/><br/>„Све што имамо, то су они таленти које Бог сваком поособ даје, и које свако поособ има да врати у најшири колектив, у васеленски колектив. А срди се Бог ако неко врати таленте неумножене трудом и напором.“<br/><br/>„Стане ли пред човека потпуно испуњена његова жеља, човек је хладан, и пита је: ко си?“<br/><br/>„Скоро све, можда све у човеку може из воље родити се, и произићи, само љубав не. Ко љубав има, има облик живота, има позив и циљ. Ко љубав нема, као уклет је, ма шта друго имао.“<br/><br/>„Кад је човек испуњен срећом од молитве, и тражи да нешто каже, рећи ће увек, са умилношћу, најпростије ствари: како је одужао дан; како је зелена њива; како је високо потегла она мала птичица, као да се не мисли вратити, као да у ваздуху хоће да спава. Од тог простог говора срећа још безмерно расте.“</i>",,,1,0
13508255,Кора [Kora],Vasko Popa,"Popa, Vasko",Васко Попа,"=""""","=""""",0,4.51,Novo pokolenje,Hardcover,102,1953,1953,,2025/03/24,to-read,to-read (#58),to-read,,,,0,0
9277447,Molitve na jezeru,Nikolaj Velimirović,"Velimirović, Nikolaj",,"=""""","=""""",5,4.64,,,,,1922,2025/03/07,2025/02/20,,,read,"Оно што ми се највише свидело у овој збирци од сто молитви, записаних у медитацијама крај Охридског језера, јесте начин на који је владика Николај спојио овоземаљско и узвишено, уносећи изразито поетски стил у теолошку садржину.<br/><br/>Ова књига истовремено представља критику човечанства које се отуђило од Бога, али и неуморну, искрену потрагу за миром, мудрошћу и љубављу. Ако бих јој тражио замерку, то би била склоност ка преоштром сагледавању људске природе – било кроз ауторов самопрекор, било кроз циничан поглед на човечанство.<br/><br/><blockquote><i> ""За слаба човека неподношљива је и најмања брига, а за Тебе је планина брига као грудва снега бачена у огњену пећ."" </i></blockquote><br/>Поглавља су обликована као интимни дијалози душе с Богом, у којима се смењују покајање и вера. Свака молитва носи лично преиспитивање, али и универзалне истине о људској слабости и чежњи за узвишеним.<br/><br/><blockquote><i> ""Ранио си ме љуто, и рана ме пече као огањ. Сад видим, да ме је љубав Твоја пратила на свима обронцима и раскршћима живота."" </i></blockquote><br/><br/>Ако ништа друго, вреди је прочитати због њене поетске вредности – као химну Богу, позив на унутрашњи преображај и повратак исконској чистоти духа.<br/><br/><blockquote><i> ""Док ми послушност Твојој вољи, Господе, не постане једина сласт мојих дана и ноћи, до краја века."" </i></blockquote>",,,1,0
44169118,Cveće za Aldžernona,Daniel Keyes,"Keyes, Daniel",Nikola Pajvančić,"=""8652132410""","=""9788652132416""",3,4.24,Laguna,Paperback,272,2019,1966,2025/03/04,2025/02/08,,,read,"Roman čija književna izvedba nije ispratila potencijal same ideje pa se sve završilo na jednom površnom eksperimentu koji, možda i vredi da se pročita, ali je daleko od kvaliteta jednog klasika. <br/><br/>Ovo je priča o čoveku sa smetnjama u intelektualnom razvoju koji pristaje da bude zamorče u eksperimentu koji će mu značajno povećati moždane sposobnosti - ali kakve su sve posledice moguće nakon ovakve nedovoljno ispitane, eksperimentalne intervencije? Dok Čarlijeva inteligencija raste, njegova se detinjasta naivnost gubi. <br/><br/>Šta valja? - Ideja. Poruka kako sticanje znanja nauštrb razvijanja emocionalne inteligencije ne vodi blagostanju. Slika kako se kao društvo odnosimo prema onima koji se smatraju manje inteligentnima. Miš Aldžernon - jedini lik u knjizi do kog mi je bilo stalo.  <br/><br/>Šta ne valja? - Izrazito stereotipni, odbojni likovi. Površno istražena psihološka i filozofska pitanja, samo je zagrebana površina. Linearna i nedovoljno razrađena transformacija glavnog lika. Spor tempo, jednostavan način pisanja i vođenja radnje bez ikakve literarne suptilnosti i virtuoznosti.<br/><br/>Interesantno za čitanje i verovatno bih ga nekome i preporučio, nije slučajno što ima kultni status, ali ipak - plitko. Možda bi utisak bio drugačiji da sam je čitao sa 15 godina. Danas odaje utisak propuštene prilike. <br/><br/>3.5/5",,,1,0
36377471,Les Miserables,Victor Hugo,"Hugo, Victor",Isabel Florence Hapgood,"=""0486822184""","=""9780486822181""",5,4.21,Dover Publications,Paperback,1376,2018,1862,2025/02/17,2024/12/09,,,read,"Knjiga koja ne ostavlja ravnodušnim. Ili ćete je voleti ili mrzeti - ako vas knjiga ne kupi u startu, ako se ne zaljubite u Igoov stil pripovedanja na prvi pogled, ako vas ozlovolji prva veća digresija od glavne radnje - možda nije pravo vreme za nju. Ovo putovanje od 1500 strana će zahvevati da mu se posvetite punom pažnjom i strpljenjem. <br/><br/>Jadnici su monumentalna saga o sudbini progonjenih, siromašnih i nesrećnih, o živopisnim ljudima Pariza čije se sudbine prepliću na neverovatne načine. Knjiga je istovremeno istorijski roman, društvena kritika, ljubavna priča, zbirka filozofskih eseja i poetska oda voljenom gradu i njegovim stanovnicima. <br/><br/>Priča prati više likova, odbeglog robijaša Žana Valžana, buntovničku i neustrašivu decu ulice koja simbolišu slobodni duh Pariza, studente-revolucionare i druge, humorom bogate tragične likove, kroz čiji sudbinski vezan život Igo prikazuje panoptikum jednog društva u kojem se različite realnosti, patnje i borbe stapaju i postaju deo šire slike. Ovo je priča o svetlu u tami i o istrajnosti u borbi protiv društvenih nepravdi i sopstvenih demona.<br/><br/><blockquote><i>„Građani, u budućnosti neće biti ni mraka, ni gromova, ni svirepog neznanja, ni krvave osvete. Kao što neće više biti Satane, neće biti ni arhanđela Mihaila. U budućnosti niko više neće ubijati nikoga, zemlja će se sijati, ljudski će se rod voleti. Doći će, građani, dan kad će sve biti sloga, harmonija, svetlost, radost, život… Taj će dan doći. A da bi on došao, mi ćemo izginuti.""</i></blockquote><br/><br/>Igoova svestranost i majstorstvo izraza ogledaju se u svakoj rečenici. On savršeno precizno opisuje političku situaciju i istorijski momenat, često i sa, možda vam se učini, nepotrebnom i mučnom detaljnošću. Njegove slike pariskih ulica su opipljive, a ponajviše su snažni njegovi opisi ljudske duše i ljudske prirode. Igo je Jadnicima udahnuo život dajući knjizi na taj način moć da promeni ili makar uzdrma čitaoca. <br/><br/><i><blockquote>„Duhovno oko nigde ne može naći više sjaja ni više mraka nego u čoveku; ono se ne može zaustaviti ni na jednoj stvari koja bi bila strašnija, tajanstvenija i beskrajnija od ove. Ima jedan prizor koji je veći od mora, to je nebo; ima jedan prizor koji je veći od neba, to je unutrašnjost duše.""</i></blockquote><br/><br/><b>4.75/5</b>",,,1,0
13519914,Rob,Isaac Bashevis Singer,"Singer, Isaac Bashevis",,"=""""","=""9788673466859""",0,4.23,"Dereta, Beograd",Hardcover,320,2008,1962,,2025/02/14,to-read,to-read (#57),to-read,,,,0,0
24998671,Letters on Ethics: To Lucilius (The Complete Works of Lucius Annaeus Seneca),Seneca,"Seneca, Seneca","Margaret Graver, Anthony A. Long","=""022626517X""","=""9780226265179""",0,4.33,University of Chicago Press,Hardcover,604,2015,64,,2025/02/09,currently-reading,currently-reading (#1),currently-reading,,,,1,0
6660714,Pisma iz Norveške,Isidora Sekulić,"Sekulić, Isidora",,"=""8674730663""","=""9788674730669""",5,4.18,Prosveta,,175,2014,1914,2025/02/01,2024/02/24,,,read,"Nešto najlepše što sam pročitao. Za žanr putopisa koji po svojoj prirodi ne ostavlja mnogo prostora uzbuđenju, Isidorina pisma ruše sve granice i transformišu prikaz jednog podneblja u velelepnu, poetičnu i vernu sliku naroda i zemlje čija je sudbina u rukama strahotne, magične prirode.<br/><br/>Kao što Isidora i sama kaže, mora se donekle biti romantik u duši da bi se zaista doživeo norveški sever i, verovatno, da bi se saživelo sa ovom knjigom.<br/><br/><blockquote><i>""Kada u sumrak, na divnoj livadi između Žiče i Mataruga svojim očima gledate kako se miču i zatvaraju milioni cvetova, a gusti bagrenjaci ih kade mirisom, to je onda ono što Njegoš kaže: ""Bog je poet"", i sve je zato simbol i metafora. Ako dakle, nisi i romantik, ostavi severnu svetlost drugima, a ti idi, večeraj, i spavaj.""</i></blockquote><br/><br/>Knjiga predstavlja beleške sa putovanja godine 1913. od Osla do ledenog severa Norveške - destinacije zbog koje je bila osuđivana od strane nacionalistički nastrojene književne zajednice. <br/>U njoj se opisuje fasciniranost fjurovima (fjordovima), četinarskim šumama, ledom okovanim morima i nebom na kom se igra severna svetlost. Uz put susrećemo irvase i druge divlje životinje koje traže zaklon od mećave i tuge. I pre svega, čitamo o Norveškom čoveku - od onog koji veselo saonicama juri na posao kroz zaleđeni Oslo - do onih usamljenih i zamišljenih sa dalekog severa koji ""večito gladuju za suncem i čeznu za prolaznikom"". Jer sve je na severu tako daleko...<br/><br/><blockquote><i>""Norveška je zemlja gde se čezne za oblikom i glasom čoveka, gde čitave pokrajine stotinama godina stoje puste jer ne mogu da dadu toliko toplote da postanu nečija kolevka, ni toliko hrane i odbrane da postanu nekom zavičaj.""</i></blockquote><br/><br/>Jezikom gotovo zaboravljenim i stilom savršeno preciznim i romantično obojenim, Isidora konstruiše slike gotovo jednako žive kao da ste i sami doživeli tu zimu, tu lepotu i tu usamljenost.<br/><br/><blockquote><i>""Čudni su četinari. Bog šalje kišu, a njihovo se lišće ne ukvasi, Bog šalje sunce, a oni se ne raduju. Bog šalje vetar, a oni se ne ljuljaju, Bog šalje san i smrt drveću, a oni se zelene. Ali, kad uđeš u šumu, ti osetiš da se tle pod tvojim korakom ugiba, i noga ti upada u nešto mekano i trulo. To su mirijade iglica koje su, kao suze ponosita čoveka, nečujno i nevidljivo pale. I vidiš sitne tačkice stvrdnute smole koja je preko noći, u času crnog mraka kad ni najbliži sused ne može da vidi, potekla iz srca koje se u bolu steglo. A izjutra, kad probuđeni fjur potera stotinu vetrova na sve strane, dremljiva stabla se u nekoj vrtoglavoj liniji povedu za strujom, ali vrhovi njihovi su i tada budni i mirni kompasi u neke neslućene predele i daljine.""</i></blockquote><br/><br/><b>4.75/5</b>",,,1,0
800586,Chevengur (English and Russian Edition),Andrei Platonov,"Platonov, Andrei",Anthony Olcott,"=""0882333097""","=""9780882333090""",0,4.19,Ardis,Hardcover,333,1978,1928,,2025/01/13,to-read,to-read (#56),to-read,,,,0,0
11168668,Stranac,Albert Camus,"Camus, Albert",Zlatko Crnković,"=""9537160106""","=""9789537160104""",4,4.03,Globus media,Hardcover,94,2004,1942,2025/01/09,2025/01/07,,,read,"Kamijev ""Stranac"" postavlja pitanja o apsurdu postojanja. Merso, lišen bilo kakve strasti, s jedne strane simbol oslobođenja i rezignirane slobode, s druge svojom ravnodušnošću prema životu otkriva duboku unutrašnju pustoš. Da li oni koji se drže izmišljenih načela — kao što su moral, religija ili društvene norme — svoje ispunjenje lažiraju u apsolutnom besmislu života?<br/><br/><i>“Tako blizu smrti majka mora da se osećala oslobođenom i spremnom da ponovo sve preživi. Niko, niko nema prava da plače nad njom. I ja sam se osetio spremnim da sve ponovo preživim. Kao da me je ovaj veliki gnev očistio od zla, oslobodio nade u ovoj noći prepunoj znamenja i zvezda, ja sam se prvi put predao onoj prijatnoj ravnodušnosti sveta.""</i>",,,1,0
6717827,Životinjska farma,George Orwell,"Orwell, George",Vladimir Roksandić,"=""9537160246""","=""9789537160241""",5,4.02,Globus media,Hardcover,95,2004,1945,,2023/12/01,,,read,"Nikad ova knjiga nije bila verodostojnija nego što je danas. <br/>Da li vizionarska ili insajderska, u svakom slučaju je 1 prema 1 slika sveta u kojem danas živimo, alegorično pokazujući kako se strah, propaganda i neznanje koriste kao alati za uspostavljanje vladavine apsurda od strane nekolicine bahatih svinja željnih moći.",,,2,0
17183656,Smeh u tami,Vladimir Nabokov,"Nabokov, Vladimir",,"=""8679580015""","=""9788679580016""",5,4.02,LOM,Paperback,188,2007,1932,2024/12/03,2024/03/18,,,read,"<i>Bio jednom jedan umetnički kritičar sa kojim se sudbina nemilosrdno poigrala...</i> Jedna zavodljivo duhovita priča o zaslepljujućoj ljubavi i pokušajima da se upravlja životom koji izmiče kontroli, napisana na način koji ne opterećuje, već očarava. <br/><br/>Priča prati umetničkog kritičara koji se upušta u vezu sa mladom zavodnicom, a njihova afera pokreće lavinu događaja prožetih obmanama, manipulacijama i nepredvidivim obrtima. Nabokov nas vodi kroz ovu grotesknu ljubavnu priču kao vešt režiser, dajući osećaj kao da gledamo Ameliju Pulen – sa krupnim kadrovima, dinamičnom montažom i dovitljivim naratorom koji prikazuju ključne scene, prateći likove u najintimnijim trenucima njihove unutrašnje borbe. Kroz ovu dinamiku roman deluje kao sudbinska igra u kojoj likovi, iako očigledno vođeni sopstvenim slabostima, deluju kao akteri nečega što je izvan njihove kontrole. <br/><br/>Nabokov vešto oblikuje podrugljivo-šarmantan ton koji omogućava čitaocu da, uprkos težini radnje, zadrži osećaj suptilne uživancije i uronjenosti u priču. Njegova majstorija jezika (iako ne na nivou Lolite) i sposobnost da kroz pronicljivu duhovitost obuhvati mračne aspekte ljudske prirode čine ovu knjigu nezaboravno-prijatnim iskustvom, iako se bavi složenim pitanjima ljudskih slabosti i ljudske zlobe.<br/><br/><b>4.25/5</b>",,,1,0
35488710,Knjiga nespokoja,Fernando Pessoa,"Pessoa, Fernando",Vesna Stamenković,"=""""","=""""",5,4.39,Dereta,Hardcover,611,2017,1982,2024/11/25,2024/07/16,,,read,"Konačno mogu pustiti veliki uzdah olakšanja. Knjiga nespokoja nije knjiga koja se čita – ona se podnosi, upija i povremeno vas povlači za sobom u duboko, mrtvo more. To je poetska elegija za neproživljenim životom, napisana od strane čoveka toliko iscrpljenog od postojanja da je čitav svet izgradio unutar svog uma. Fernando Pesoa, kroz fragmente i glas svog alter-ega Bernarda Soareša, vaja skulpturu melanhonije u kojoj svaka pukotina odiše lepotom i bolnim nespokojem.<br/><br/>Ovo nije roman, niti zbirka eseja; ovo je beskonačan vrtlog misli, tako savršeno napisanih da zvuče kao muzika, ali i toliko turobnih da morate da utišavate zvuk. Emocije zamenjuju ideje a život se svodi na opažanja o životu i večnu neodlučnost.<br/><br/>Četiri i po meseca čitanja bila su previše brza za ovu knjigu — nedovoljno da se sve što nosi zaista doživi i preživi. Sledeći put ću joj prići sporije, u fragmentima, listajući je godinama, onako kako ju je i Pesoa pisao — puštajući svaku misao da odjekne i ostavljajući prostora za disanje između stranica. Zaista je potrebna izvesna doza samodestrukcije da bi se ovo završilo. <br/><br/>Nemam srca da joj dam manje od 5. Pristupite s oprezom, ova knjiga vas neće pustiti da odete nepromenjeni – i neozleđeni.<br/><br/><b>4.25/5</b><br/><br/><i>""Šta drugo može jedan mudar čovek ako ne da čezne za spokojem, za time da ne mora da razmišlja o životu, jer dovoljno je što mora da ga živi, da ima svoje malo mesto pod suncem, i da barem može da sanja da s one strane planina postoji mir.""<br/><br/>",,,1,0
33633300,Paviljon br. 6,Anton Chekhov,"Chekhov, Anton",,"=""8680532479""","=""9788680532479""",4,4.24,,Paperback,64,2016,1892,2024/11/14,2024/11/12,,,read,"Mračno duhovito istraživanje apsurda ljudske prirode i tanke granice između razuma i ludila. Priča prati doktora u užasavajuće zapuštenoj mentalnoj ustanovi koji provodi vreme razmišljajući o životu umesto delajući i čije će stoičke stavove pisac nemilosrdno da testira. <br/>Čehovljev humor je gotovo nevidljiv, a opet toliko prepoznatljiv i odaje prijatan osećaj topline, transformišući ovu depresivnu priču u crnohumornu predstavu o preispitivanju ironije života i tome šta znači biti normalan u krajnje ludom svetu. <br/><br/><b>4/5</b><br/><br/><i>""O, zašto čovek nije besmrtan? mislio je on. Zašto postoje moždani centri i vijuge, našto vid, govor, osećanje, genije, kad je svemu tome suđeno da se pretvori u prah i, na kraju krajeva, da se ohladi zajedno sa Zemljinom korom, a zatim milionima godina da se okreće, bez ikakva smisla i cilja, sa zemljom oko sunca? Da bi se samo ohladio, a zatim okretao, nije uopšte potrebno izvlačiti iz nepostojanja čoveka sa njegovim uzvišenim, gotovo božanskim razumom, pa da se, zatim, kao iz šale, opet pretvori u ilovaču.""<br/><br/>""Stoici, koje vi parodirate, bili su divni ljudi, ali se njihova teorija zamrzla još pre dve hiljade godina i ni za dlaku nije krenula napred, a neće ni krenuti, jer nije praktična i ne odgovara životu. Ona je imala uspeha samo kod manjine, koja provodi svoj život u studiranju i uživajući u raznim teorijama, a većina je nije ni shvatila. Teorija koja propoveda ravnodušnost prema bogatstvu i zadovoljstvu u životu, preziranje patnje i smrti, odavno je nepojamna ogromnoj većini ljudi, jer oni nikad nisu ni znali šta je to bogatstvo ili zadovoljstvo u životu, dok prezirati patnje značilo bi za njih prezirati sam život, jer se celo ljudsko biće sastoji od osećanja gladi, hladnoće, uvreda, gubitaka i hamletovskog straha od smrti. U tim osećanjima je ceo život: on može biti nesnosan, možete ga mrzeti, a nikako prezirati.""</i>",,,1,0
17202474,Novembar,Gustave Flaubert,"Flaubert, Gustave",,"=""8679580651""","=""9788679580658""",4,3.78,LOM,Paperback,104,2012,1842,2024/11/10,2024/11/02,,,read,"Prijatan i na kraju ipak blago razočaravajuć susret sa Floberovom melanholičnom ispovešću. U prvi mah sam pomislio da sam konačno našao knjigu koja u potpunosti odgovara mom senzibilitetu. I zaista, kroz Floberove reči se nalazim iznova i iznova. Ali, način na koji je drugi deo romana izveden me je ostavio donekle ravnodušnim. <br/><br/>Početak knjige je dnevnik razmišljanja jednog neispunjenog mladića koji je iz sveg srca žudio za ljubavlju i dubokim osećanjima - koji je u svemu oko sebe tražio inspiraciju i ispunjenje i izbavljenje iz košmara kroz koji prolazi. U drugom delu slušamo priču kurtizane koju junak upoznaje i saznajemo o njenoj nesrećnoj sudbini. <br/><br/>Prelep stil, divna razmišljanja, nedovoljno razrađena ideja.<br/><b>3.75/5</b><br/><br/><i>""Kako je sve to daleko! Da li sam živeo u to doba? Jesam li to zaista bio ja? Jesam  li  ovo  sada  ja?  Čitav  ponor  odjednom  odvaja  svaki  pojedini  trenutak moga života od ostalih, između juče i danas postoji za mene večnost koja me užasava, svakoga dana mi se čini da sam jadniji nego što sam bio pre toga, lepo osećam kako osiromašujem i kako mi čas koji nastupa odnosi nešto, samo se čudim da u mome srcu još ima mesta za patnju; ali ljudsko srce je neiscrpno za tugu:  jedna  ili  dve  sreće  ispune  ga  potpuno,  sve  nevolje  čitavog  čovečanstva mogu tu da zakažu sastanak i da u njemu žive kao gosti.""</i>",,,1,0
27403944,Godina zeca,Arto Paasilinna,"Paasilinna, Arto",,"=""8677201262""","=""9788677201265""",4,3.63,Odiseja,Paperback,138,2015,1975,2024/10/16,2024/10/16,,,read,"Ovo je priča o oslobođenju iz okova modernog društva i bekstvu u prirodu, ali ne bekstva radi već zbog samospoznaje u izolovanosti divljine i približenja pravoj svrsi. Ona je za svakog ko je često promišljao da napusti sve i uskoči u nepoznato, u život avanture i neizvesnosti. <br/><br/>U prvi mah delovalo je da neću uživati, pisana je jednostavno i pravolinijski, bez mnogo zadržavanja na opisima i unutrašnjim razmišljanjima, već sa fokusom na događanjima, gotovo kao bajka. Smeštena je u Finsku i prati Vatanena, novinara nezadovoljnog svojim životom, koji nakon ranjavanja malog zeca odjuri za njim u šumu i impulsivno odlučuje da se više ne vrati. Putujući sa svojim novim ljubimcem kroz snežne predele finskog severa on upada u niz ludih pustolovina i nedaća, komičnih i na ivici verovatnog, i upoznaje zanimljive ljude koje fasciniraju ova dva neobična drugara.<br/><br/>Knjigu odlikuje veoma suptilan humor i satira i predstavlja kritiku savremenog puta kojim čovečanstvo ide, koji ostavlja ljude mizernim i neispunjenim. Ne očekujte previše jer knjiga nije ambiciozna već zabavna i jednostavna i u toj jednostavnosti se krije njena čar. <br/><br/><b>3.75/5</b>",,,1,0
12467373,Na Zapadu ništa novo,Erich Maria Remarque,"Remarque, Erich Maria",Miodrag Petrović,"=""""","=""""",5,4.11,Otokar Keršovani,Hardcover,192,1966,1928,2024/10/06,2024/09/30,,,read,"Knjiga iznosi na videlo sve horore rata i slika njegovu besmisao iz ugla običnog nemačkog vojnika i njegovih mladih drugova. Nema lepote u ovoj priči, osim izvandredne lepote jezika kojim je napisana, niti traganja za herojstvom kao u holivudskim filmovima. Samo je prisutna ogoljena istina o brutalnosti i odvratnosti prvog svetskog rata na francuskom frontu, iz pera pisca koji je i sam kroz to prošao. Gotovo da se može čuti fijuk granata i osetiti miris zemlje iz rovova kako dopiru iz Remarkovih reči. <br/><br/><b>4.25/5</b><br/><br/><i>""Tišina se ne prekida. Ja govorim jer moram da govorim. Obraćam mu se zato i kažem:<br/><br/>- Druže, ja nisam hteo da te ubijem. Kad bi još jednom skočio ovamo, ja ne bih to učinio ako bi i ti bio pametan. Ali do maločas ti si bio samo jedna pomisao, jedna kombinacija koja je postojala u mom mozgu i navela me na odluku, tu kombinaciju sam ja izbo nožem. Tek sad, po prvi put, vidim da si ti čovek kao što sam i ja. Dosad sam mislio na tvoju bombu, na tvoj bajonet, na tvoju pušku, sad vidim tvoju ženu i tvoje lice i sve što nam je zajedničko. Oprosti, druže! Mi uvek to vidimo suviše kasno. Zašto nam se neprekidno ne ponavlja da ste i vi bedni psi kao što smo i mi, isto umiranje, iste patnje? Oprosti, druže, kako si ti mogao postati moj neprijatelj? Kad bismo zbacili ovo oružje i ove uniforme, ti bi mogao biti moj brat baš kao i Kac i Albert. Uzmi dvadeset godina od mog života, druže, i ustani, uzmi još više, jer ja ne znam šta ću s njima!""</i>",,,1,0
6076361,Ime ruže,Umberto Eco,"Eco, Umberto",Morana Čale Knežević,"=""9537160009""","=""9789537160005""",0,4.14,Globus media,Hardcover,510,2004,1980,,2024/09/28,to-read,to-read (#55),to-read,,,,0,0
20492487,Noć u Lisabonu,Erich Maria Remarque,"Remarque, Erich Maria",Kaliopa Nikolajević,"=""""","=""""",5,4.33,Otokar Keršovani,Hardcover,222,1966,1961,2024/09/28,2024/09/24,,,read,"Priča o bekstvu od rata 1939. prati nemačkog emigranta progonjenog od strane naci režima kojem nije hteo da se podredi. <br/><br/>Dok u Lisabonu posmatra brod koji treba da isplovi za Ameriku, obećanu zemlju, on upoznaje čoveka slične sudbine, u kome vidi isti očaj i nemoć koji je i sam mnogo puta osećao u neprestanim borbama za oslobođenjem. Nudi mu dve karte za brod a zauzvrat samo traži da stranac sasluša njegovu ispovest. To je priča o njegovoj ženi Helen i ljubavi, o skrivanju identiteta, o vremenu kada vam pasoš ubice otvara sva vrata, a pasoš neposlušnog odvodi pravo u logor. <br/><br/>Strukturirana kao ispovest zarad olakšanja tereta na duši, knjiga formom podseća na Tolstojevu Krojcerovu Sonatu. Stil pisanja je prelep i radnja je tečna i drži napetost sve vreme. Pozitivan prvi susret sa Remarkom koji je započeo od njegovog poslednjeg dela. <br/><br/><b>4.25/5</b><br/><br/><i>""Da, jedno leto je kratko, i jedan život je kratak, ali šta ga čini kratkim? To što znamo da je kratak. Znaju li one mačke napolju da je život kratak? Znaju li ptice? Njima je večit. Niko im nije rekao. Zašto je nama rečeno? Zašto?""<br/><br/>""Volim tebe, i ovaj trenutak, i leto koje neće ostati, i ovaj predeo, i rastanak, i prvi put u svom životu sebe samog, jer sam ogledalo u kome se ti ogledaš, i stoga te dvaput imam. Neka je blagosloveno ovo veče i ovaj čas!""<br/><br/>""Bilo je kasno popodne. ""Imamo li tamo još nešto?"" upitao sam. ""Jabuke na drveću, zrak, zlatan oktobar i svoje snove"", rekla je Helen. ""Njih smo svuda ostavili za sobom"", odgovorio sam. ""Kao paučinu u jesen.""""<br/><br/>""Daj mi samo vremena. Moram se privići. To mora čak i leptir kad posle života u tami izađe na svetlost i otkrije da ima krila.""<br/><br/>""Ljubljeni moj, rekla mi je jedne noći i to je bilo jedini put da je o tome govorila. Mi nećemo zajedno videti obećanu zemlju koju čekaš.""</i>",,,1,0
46170,For Whom the Bell Tolls,Ernest Hemingway,"Hemingway, Ernest",,"=""""","=""""",5,3.99,Scribner,Paperback,471,1995,1940,,2023/12/01,,,read,"I nakon prvog čitanja a i sada, kada je prošlo nekih 15 godina, neću se usuditi da bilo kome olako preporučim ovaj veličanstven roman.<br/>Ne usuđujem se jer će od čitaoca zahtevati dozu strpljenja koja nam manjka u modernom vremenu, spremnost da se živopisni likovi prihvate u svoj svojoj nesavršenosti i jak stomak da se izdrže slike ratnog horora. <br/><br/>Radnja je smeštena u vreme španskog građanskog rata u brdima gde se skrivaju gerilska plemena koja ratuju protiv fašističkog režima. Robert Džordan, američki volonter dolazi da raznese most kako bi omogućio napad na fašističke snage i presekao im linije pomoći. Da bi to izveo potrebna mu je pomoć male odmetničke bande koja je našla zaklon u jednoj od pećina u brdu. <br/><br/>Ovaj poduhvat, međutim, od svog začetka izgleda samoubilački pa se povlači pitanje - da li je izvršenje komandi po svaku cenu važnije od ljudskih života? Robert u grupi odmetnika upoznaje Mariju i zaljubljuje se na prvi pogled što daje potpuno drugu dimenziju njegovoj misiji. <br/><br/>Čitalac odmah biva iskrcan u samo središte zbivanja i prati priču koja se odvija kroz tri dana koliko traje priprema za napad, gde se tenzija može seći nožem, gde su momenti ispunjeni strahom i iščekivanjem, nadom i gubljenjem iste i oštrim razmiricama među raznolikim članovima družine. Kao da je čitav život ovih ljudi stao u tri dana. Za to vreme česte su digresije koje nekad i preopširno opisuju situacije manje ili više povezane sa misijom koja je u toku. <br/><br/>U toku neke od njih možda ćete poželeti da ostavite knjigu frustrirani zbog sporosti s kojom radnja napreduje. 500 strana da se digne u vazduh jedan most? Ali kao što rekoh, atmosfera je toliko opipljiva da se osećate kao jedan od partizana, dok razrađujete plan napada, pijete absint ili posmatrate stražarska mesta iz šume opruženi na tepihu od borovih iglica. Priča vas polako kuva, ne popuštajući napetost, dok ne dođe do tačke ključanja. Bićete primorani da sedite u ovoj slobodarskoj bandi i slušate njihove pogane jezike i sagledate njihove strahove - sasvim dovoljno vremena da ih srčano zavolite.<br/><br/>Varljivo jednostavan stil pisanja koji je ovde ipak poetičniji nego što smo od njega navikli, i dijalozi, po kojima je Hemingvej poznat ali i kritikovan, na samo njemu svojstven način dominiraju knjigom. Svako ima drugačije iskustvo sa njim, pa se tako i ova priča neće svima svideti. Ali možda ste se pronašli u opisu i hteli biste da osetite euforiju na prvim linijama fronta, dan pre odlučujuće borbe, kao duboki udah pred zaranjanje. Naoružajte se strpljenjem i pustite da vas priča preuzme.<br/><br/><b>4.5/5</b>",,,2,0
29812525,Ptice,Tarjei Vesaas,"Vesaas, Tarjei",,"=""8664570507""","=""9788664570503""",0,4.14,Dereta,Hardcover,252,2016,1957,,2024/09/16,to-read,to-read (#54),to-read,,,,0,0
24854,Knulp,Hermann Hesse,"Hesse, Hermann",,"=""3518380710""","=""9783518380710""",5,3.87,Suhrkamp Verlag,Paperback,136,1988,1915,2024/09/05,2024/09/03,,,read,"Odlagao sam čitanje ove priče dugo misleći da neće biti rame uz rame sa Heseovim popularnim romanima koje toliko volim, ali sam se grdno prevario i drago mi je da jesam. Knulp je, na nekih 90+ strana, sve ono prelepo na šta nas je Hese navikao. Iako možda ne tako ambiciozan već sveden, utisak koji ostavlja je podjednako snažan. <br/><br/>Pratimo tri epizode iz života našeg junaka, Knulpa, iz različitih razdoblja njegovog života, od razuzdane mladosti do setne starosti. Upoznajemo ga kao osobenjaka i skitnicu koji luta od mesta od mesta ali je zbog svoje lucidnosti, poleta i slobode drag ljudima i omiljen među devojkama, ko god ga sretne poželi da mu pomogne na neki način. Ali iza bezbrižne spoljašnjosti u Knulpu se kriju patnje koje mu ne daju mira - nostalgija za domom i detinjstvom, preispitivanje o proćerdanom vremenu, žal za putem koji mu je život uskratio...<br/><br/><blockquote><i>""Knulp se zamisli, i radosti njegovih mladih dana mu sa zagasitom lepotom zasjaše izdaleka kao planinske vatre i teško i slatko zamirisaše kao med i vino, i zabrujaše dubokim zvucima kao razvigorac u pretprolećnu noć. Bože blagi, bilo je to lepo, lepo uživanje i lepa tuga, i bila bi golema šteta da se iz toga izostavi makar i jedan jedini dan!""</blockquote></i><br/><br/>Usudio bih se čak da preporučim ovu knjižicu kao uvod u Hesea, druga preporuka bi bila Narcis i Zlatousti. Ima nešto u Heseovom pisanju što me bezrezervno teleportuje u jedan drugi, maglovit svet divnih predela, starih gradova u kojima rade vredne zanatlije, u svet prošlih vremena, gotovo bajkovit a opet toliko živ. Kao zaboravljena epizoda nekog mog davnog, uzbudljivog života. ",,,1,0
28921,The Remains of the Day,Kazuo Ishiguro,"Ishiguro, Kazuo",,"=""""","=""""",5,4.14,Faber & Faber,Paperback,258,2005,1989,2024/09/02,2023/12/01,,,read,"Jedno od onih savršenih literarnih dela koje sa nepogrešivom vernošću prikazuje sliku jednog sveta koji nestaje pod točkom vremena. Naizgled spora priča bez mnogo radnje, odvija se pre svega između redova, u onom neizrečenom što se ne vidi na papiru ali što čitalac predoseća. Išiguro majstorski prenosi osećanje unutrašnje borbe kroz suptilno oslikanu i emotivno nabijenu priču.  <br/><br/>U središtu romana je gospodin Stivens, sada već vremešni batler u cenjenoj engleskoj plemićkoj kući koja je bila poprište sastanaka od vitalnog nacionalnog i međunarodnog značaja u periodu između dva svetska rata. Nakon više od tri decenije odanog rada u kući, u toku kojih mu je jedina misao bila kako da bezrezervno bude u službi svog gospodara, Stivens konačno, na nagovor novog gazde kuće odlučuje da se otisne na put po brdovitim proplancima i neistraženim gradićima Engleske, njegov prvi odmor nakon svih tih godina. <br/><br/>Dok usputno pratimo njegovo putešestvije, ono najvažnije o njegovom životu saznajemo iz čestih introspekcija koje ga vraćaju u period službovanja; saznajemo o moralnim dilemama o tome šta znači dostojanstvo i kako dobar batler treba da se ponaša, slušamo o napetim razgovorima među vladajućim poslanicima kojima je prisustvovao i koji su oblikovali sudbinu sveta, i pre svega o njegovom burnom odnosu sa nekadašnjom kućepaziteljkom dvora. <br/><br/><blockquote><i>Mislim da nisam odgovorio odmah, jer mi je trebalo malo vremena da svarim ove reči godpođice Kenton. Osim toga, kao što verovatno naslućujete, implikacije su bile takve da su u meni morale da izazovu tugu. U stvari, u tom trenutku sam - zašto to ne bih priznao? - hteo da svisnem od tuge. Brzo sam se, međutim, pribrao, okrenuo se i rekao joj sa osmehom:<br/>- Potpuno ste u pravu, gospođo Ben. Lepo kažete, suviše je kasno da se časovnik vrati unazad. </blockquote></i><br/><br/>Ova dirljiva, suptilno humoristična a nadasve bolna priča napisana je prelepim, bogatim i otmenim stilom u maniru svog protagoniste, i zavređuje da je svako pročita.",,,1,0
538845,Quo Vadis,Henryk Sienkiewicz,"Sienkiewicz, Henryk",W.S. Kuniczak,"=""0781805503""","=""9780781805506""",0,4.01,Hippocrene Books,Hardcover,589,2006,1896,,2024/08/29,to-read,to-read (#53),to-read,,,,0,0
7201506,"Sunce se ponovo rađa (Odabrana dela, #1)",Ernest Hemingway,"Hemingway, Ernest",Kaliopa B. Nikolajević,"=""""","=""""",4,3.79,"Matica srpska, Novi Sad",Hardcover,298,1975,1926,2024/08/27,2024/08/17,,,read,"<i>""Oh, Jake"", Brett said, ""We could have had such a damned good time together.""<br/>""Yes"", I said. ""Isn't it pretty to think so.""</i><br/><br/>Zamislite ovu postavku: 4 nesigurna muškarca i jedna fatalna žena svete se završenom ratu tako što se upuštaju u život hedonizma, pijančenja do besvesti i ljubavnih avantura putujući po Španiji i Francuskoj i od jednog do drugog bara. <br/><br/>U središtu ovog, umnogome autobiografskog, romana su Džejk i lejdi Bret i njihova nesrećna ljubav kao posledica Džejkove povrede tokom rata koja ga je ostavila impotentnim. Bret je slomljena jer iako deli ljubav prema Džejku, s druge strane je avanturističkog i promiskuitetnog, nezasitog duha, a Džejk je previše samosvetan da bi je tražio samo za sebe. <br/><br/>Ova priča bolno precizno opisuje tu, tako nazvanu, izgubljenu generaciju u godinama posle prvog svetskog rata. Oni tragaju za bilo kakvim smislom života istovremeno bežeći od depresije zbog svega doživljenog. To ih vodi da žive apsolutno bezrezervno i slobodno, kao da sutra ne postoji, kao da ništa nije važno osim trenutnog ushićenja ili mira. <br/><br/><blockquote><i>""Ne mogu da podnesem pomisao da mi život tako brzo prolazi, a u stvari ga ne proživljujem.""</blockquote></i><br/><br/>Tako ih pratimo dok obilaze uzbudljiva nova mesta duž Francuske i Španije i lutaju bez cilja sa kulminacijom u Pamploni gde se održava višednevna fiesta koja kao glavni događaj ima brutalne borbe sa bikovima i tokom tih nekoliko dana preraste u totalnu ludnicu. <br/><br/>Ova knjiga se vodi pre svega u razgovorima među grupom mladih ljudi i interesantnim likovima koje sreću usput. Toliko toga imaju da kažu, a opet ih ti razgovori često razdražuju. <br/><br/>Trebalo je puuno vremena da se naviknem na Hemingvejev stil u ovom ranom romanu. Veoma je štur, precizan, neulepšan iako ima i divnih rečenica. Gotovo kao dnevnik, detaljan u prikazima toka dana i događaja. Kao izveštaj iz kratkog perioda od nekoliko nedelja koliko radnja zapravo traje. <br/><br/>Nema puno metafora niti impozantnih opisa, samo interakcije i afere među grupom poznanika koji su osetili želju da potpuno dožive život, makar ta želja bila posledica potrebe da se nešto zaboravi. <br/><br/><b>4/5</b>",,,1,0
42101349,Tišine,Meša Selimović,"Selimović, Meša",,"=""8663691270""","=""9788663691278""",3,4.39,NOVA KNJIGA,Hardcover,181,2016,1961,2024/08/16,2024/07/27,,,read,"Mučno je bilo ovo iskustvo, moram priznati. Knjiga je imala obećavajuć početak i snažan kraj, ali taj središnji deo je bio neubedljiv, naporan i spor pa sam gubio koncentraciju dok čitam.  <br/><br/>Glavni junak je ratni povratnik koji ne uspeva da se pronađe u novom svetu. Rat ga je zauvek izmenio, prijatelji oko njega i ne slute kroz šta je sve prošao i kako to utiče na njega. Svi su se nekako prilagodili, a od njega isijava samo prividno ravnodušna oholost. Njegov odnos prema ženama je naročito odbojan; izmučen traumama on ih i želi i tera od sebe čim oseti nagoveštaj prisnosti. On besciljno luta kroz vreme i kroz ulice sa neprijateljskim stavom, sve mu smeta pa i sam život.<br/><br/>Stil pisanja je mahom prelep iako je primetno da mu je ovo delo iz ranog stvaralaštva i s još uvek neizbrušenim talentom. U fotofinišu je ocena mogla i porasti, ali za celokupni utisak za sad teška srca dajem 3. Jednostavno mi nije sela ovaj put.",,,1,0
76767151,Prodavnica tajni,Dino Buzzati,"Buzzati, Dino",,"=""8652133670""","=""9788652133673""",5,4.13,Laguna,Paperback,256,2019,1968,2024/08/10,2024/08/05,,,read,"Bucatijeva imaginacija je neprevaziđena! Ova kolekcija od 31 kratke priče obiluje idejama koje se samo izvanrednom, kreativnom umu mogu javiti. To su priče iz života koje mešaju ovozemaljsko i fantastično, bajkovite, apsurdne, kafkijanske, depresivne, poučne... Ako bih morao da ocenjujem pojedinačno, otprilike bi bilo ovako:<br/>3 zvezdice - 3 priče<br/>4 zvezdice - 17 priča<br/>5 zvezdica - 11 priča<br/>Zadovoljstvo je bilo počinjati svaku sledeću priču sa iščekivanjem kakve nove genijalnosti i zaista retko koja je razočarala. Stil pisanja je lep i odiše nekom lepršavošću i pitkoćom. Ako bih morao da izdvojim nekoliko priča:<br/>- Ipak kucaju na vrata<br/>- Miševi<br/>- Ajfelova kula<br/>- Pas koji je video boga<br/>- Devojka koja propada<br/>- Nešto što počinje na L",,,1,0
28491242,Džan [Џан],Andrei Platonov,"Platonov, Andrei",Aleksandar Badnjarević,"=""8679580147""","=""9788679580146""",4,4.07,"LOM, Beograd",Paperback,153,2009,1935,2024/02/05,2024/01/27,,,read,"This Russian novel is set in a desert somewhere between Tajikistan, Turkmenistan, and Uzbekistan. Nazar Chagataev, after completing his studies in Moscow, is sent back to his hometown by the Communist Party to try to save his people from extinction and build living conditions for them.<br/><br/>""Dzhan"" is the name for his people, the desert wanderers who only know hunger, suffering, and death. Translated, ""Dzhan"" means soul (and slave), a name given to them mockingly by the wealthy, as they only have a soul to endure suffering and nothing more.<br/><br/><i>""Abandon all hope, ye who enter.""</i> – this sign would be fitting for anyone heading in this direction. The semi-desert is a brutal place, with very little life surviving. Descriptions are striking, alternating between sand dunes and valleys, where people find water by digging and searching for sources, and chewing on sand for hydration. There is sparse grass, almost no other vegetation. People wander, searching for lost sheep, camels, tortoises, scavenger birds... The animals themselves resemble humans, emaciated, powerless, more like wilted plants.<br/><br/>The people, in their starvation, are completely numb. The line between life and death almost doesn't exist. There's no strength even for mourning the dead - in a sad way, their suffering is alleviated. It seems that even the poor animals would prefer someone to end their misery. The human spirit is dying within them, devoid of purpose, thought, or desire.<br/><br/>Nazar never loses hope for a moment; he only wants to make his people happy. With the help of a young girl, he tries to form a sustainable community and shake the human spirit.<br/><br/>Does belief continue to live in people despite the greatest hardships? A subdued, almost non-existent hope that flickers deep down, hope that things will get better one day.<br/><br/>Describing the atmosphere of the book at this point is likely unnecessary. It's extremely depressing and distressing, with a touch of optimism, it's a spiritual exploration. A somewhat absurd, modern biblical story that seems both real and abstract at the same time.<br/><br/><blockquote><i>“Everything in the existing world seemed strange to him; it was as if the world had been created for some brief, mocking game. But this game of make-believe had dragged on for a long time,for eternity, and nobody felt like laughing anymore.”</i></blockquote><br/>The book was banned by Stalin for over 50 years, and Platonov was blacklisted alongside Bulgakov and others. Warning: in some parts of the book, there's inhumane treatment of young girls.<br/><br/>The book is beautifully written, but with its highly poignant nature, it is not an easy read. <br/><br/><b>4/5 stars</b>",,,1,0
18386,The Death of Ivan Ilych,Leo Tolstoy,"Tolstoy, Leo","Aylmer Maude, Louise Maude","=""""","=""""",3,4.14,Waking Lion Press,Paperback,86,2006,1886,2024/07/27,2023/12/01,,,read,"Ovo je bilo previše mučno i depresivno da bi mi se u ovom trenutku dopalo. Opisivanje jadikovanja i samrtnih muka u detalje kroz celu knjigu - jednostavno nisam video poentu i jedva sam je završio. Očekivao sam da če biti retrospektivna, introspektivna, manje o bolesti a više razmišljanja o životu. Ovaj put me Tolstoj nije oduševio ni stilom, Krojcerova Sonata mi se mnogo više dopala.",,,1,0
17980049,Upitaj prah,John Fante,"Fante, John",Flavio Rigonat,"=""8683499278""","=""9788683499274""",3,4.10,LOM,Paperback,188,2008,1939,2024/07/25,2024/07/21,,,read,"Mnogo toga nije funkcionisalo u ovoj knjizi počev od krajnje antipatičnog protagoniste - dvadesetogodišnjeg pisca u pokušaju koji je došao bez para u Los Anđeles 1930ih da okuša sreću. Nije da tvrdim da junak mora biti simpatičan, ali mora me makar intrigirati, a Arturo Bandini (da, i ime mu je u skladu sa karakterom) mi je bio odbojan, iako je možda, da ne grešim dušu, bio veran predstavnik tog vremena i prostora. Oholost, mizoginija i rasizam, bandoglavost, samohvalisanje samo su neke od Arturovih osobina.<br/><br/>Prvi deo knjige mi je delovao kao izuzetno bleda kopija Hamsunove gladi sa neveštim rečenicama i neinspirativnom radnjom. Drugi deo kao da je pisao drugi autor, događaji, nešto interesantniji, se ređaju jedan za drugim, a pisani su i lepšim stilom. Gotovo da ih je teško povezati sa dosadnim likom iz prvog dela.<br/><br/>Bukovski je bio oduševljen Fanteom i pre svega ovim romanom, ali on je umnogome prevazišao svog uzora, pre svega jer nije od svog junaka pokušao da na silu napravi nešto što nije i tu nonšalantnu, prirodnu harizmu je nosio u sebi.<br/><br/>3/5",,,1,0
6076277,Nepodnošljiva lakoća postojanja,Milan Kundera,"Kundera, Milan",Nikola Kršić,"=""""","=""""",3,4.11,Meandar,,397,2000,1984,2024/05/03,2023/12/14,,,read,"Da li je život neverovatan splet okolnosti i igra slučaja, a naše akcije beznačajne u toj igri? Ili nas sudbina vodi baš ovim putem sa nekim razlogom, a ljudi i situacije oko nas imaju dublje značenje? Ako je sve i besmisleno, vredi li uložiti trud u ono i one koje volimo?<br/><br/>Ovo je jedno od glavnih pitanja romana smeštenog u kasne šezdesete prošlog veka u Prag sveže okupiran od strane sovjetske armije. Priča prati kvartet glavnih likova (i jednog psa) koji kroz međusobne odnose i unutrašnje borbe traže lično ispunjenje. <br/><br/>Ali ovo je ponajmanje roman o njima, i o ratnim i političkim dešavanjima. Iako je to u središtu priče, ovo je pre svega delo filozofske gimnastike - likovi su tu kao oruđe na kojima pisac testira i primenjuje svoje teorije. <br/><br/>Knjiga je izazovna za čitanje zbog nelinearnog toka radnje - skače se sa perspektive jednog lika na drugi, iz jednog u drugo vreme, kroz različite teme, sa priče na filozofsku tangentu... <br/><br/>Tomaš je poznati hirurg i intelektualac koji ispašta zbog političkog pritiska, a u ljubavi je zavodnik koji ima opsesivnu potrebu za novim ljubavnim avanturama. Iako je zaljubljen u Terezu, teško mu je da se sav posveti njoj. A Tereza, devojka iz malog mesta koja je došla u Prag za Tomašem i postala dokumentarni, ratni fotograf, vodi unutrašnju borbu zbog njegovog neverstva kojeg je itekako svesna. Njen kompleks inferiornosti koji potiče još iz detinjstva je navodi da trpi i zadovoljava se polu-pažnjom. Sabina, Tomaševa ""glavna"" ljubavnica je buntovnica i umetnica kojoj je sloboda iznad svega pa tako ne želi da se veže ni za Franca, kulturnog, švajcarskog profesora koji priželjkuje intimnu vezu sa njom. <br/><br/>Kroz ova četiri lika istražujemo beskrajno mnogo pitanja od kojih su ova neka od glavnih.<br/>- Težina ili lakoća postojanja, šta je bolje? Lakoća nas vuče ka nebu, oslobađa stega, u svakodnevnim dešavanjima ne vidimo smisao i ne izazivaju nam patnju. Ali ovaj nedostatak smisla postaje nepodnošljiv. Težina nas vuče ka zemlji i čini da patimo, ali makar osećamo nešto. Između ove dve sile, one koja nas drži uspravnim i lakim i gravitacije koja nas uzemljuje čovek traži idealnu razmeru. <br/><br/>- Liku Sabine ne pada teško ni neprijateljska okupacija koliko KIČ koji sa sobom donosi. Kič je važan motiv u knjizi - misli se na banalnost, ispiranje mozga, pretvaranje pred kamerama, lažnu umetnost, lažne vrline i sentimentalnost bez pokrića. Siguran sam da većina u današnoj političkoj šaradi prepoznaje obim u kome se ovaj kič raširio i uzeo maha. Svestan čovek bi radije prihvatio i porobljavanje, samo da ga ne prave ludim. Nažalost, kič je maska koju svet nosi i nezaobilazan je deo današnjice a često i nas samih. Odlučan duh će učiniti sve da se bori protiv toga i uputi onim smerom kojim drugi ne smeju, ponekad izgubivši vezu sa svetom. <br/><br/>- Može li se seks odvojiti od ljubavi? Kundera istražuje odnos emocionalne intimnosti i fizičke strasti i kako se različiti karakteri drugačije odnose prema kompleksnosti ljubavnih veza. Jedni su u stanju da razdvoje sentimentalno vezivanje od seksualnog izraza, drugima je neprirodno da se predaju čistoj fizičkoj strasti. <br/><br/>Nepodnošljiva lakoća postojanja je nesvakidašnji roman iz mnogo razloga. Iako je ljubav u središtu radnje, Kundera ne želi da izazove sentimentalna osećanja kod čitaoca. Knjiga je skoro potpuno lišena emocija. Zato likovi deluju hladno i apstraktno. Autor nam jasno pokazuje da je svestan da je stvorio likove, da oni ne žive, pa mu je lakše da implementira filozofske teme unutar priče. On se ne plaši da nam spojluje važan deo priče mnogo ranije nego što do njega prirodno dođe. Ne libi se da priča o škakljivim temama neprijatnim za uho, štaviše insistira na njima i previše. Švalerstvo, toksično ponašanje, ružne reči, ima momenata u knjizi odabranih u svrhu istraživanja teme koji nisu naročito lepi. <br/><br/>Za razliku od ispremeštanog i ispresecanog toka radnje, stil pisanja je lep i jednostavan. Autor je majstor dijalektike. Često kratka poglavlja od jedne ili pola strane ubrzavaju ritam pa se ne oseća teret teške tematike. <br/><br/><blockquote><i>Nema nikakve mogućnosti da se proveri koja je odluka bolja, jer ne postoji mogućnost poređenja. Čovek sve proživljava prvi put i bez pripreme. Kao glumac koji igra predstavu bez ikakve probe. Pa koliko onda vredi život ako je prva proba života već život sam?</blockquote></i><br/><br/>Vezano sa svojom postmodernističkom, eksperimentalnom strukturom, knjiga deluje pomalo pretenciozno, a autor samovažno, što izgleda da je pravilo kod ovakvih romana. Ova mala doza intelektualnog snobizma verujem neće biti okidač čitaocima koji uzmu knjigu, ali nije isključeno. A da li biste je trebali uzeti? Pa svakako ne ako očekujete laganu priču vođenu radnjom. Ko je spreman za filozofski izazov koji će pred vama otvoriti stotine malih i velikih tema za razmišljanje, onda će vam možda prijati. <br/><br/>Mnogo toga mi je prešlo preko glave na prvo čitanje, odmaže i činjenica da nisam dovoljno upoznat sa tadašnjom političkom situacijom u Češkoj. Verujem da bi ponovno čitanje donelo mnogo uvida koji su mi na prvu promakli. Sve u svemu ne mogu reći da sam uživao u knjizi, to joj nije ni bila namera. Ali je na zanimljiv način iznela na videlo mnoštvo pitanja za razmišljanje. A odgovori? Tu su i nisu tu, to je na svakome od nas da ih tumači kako najbolje ume i da odabere - da li ćemo se diviti čudesnoj igri sudbine ili prihvatiti da život nema smisao i živeti samo za trenutnu, prolaznu lepotu.  <br/><br/><b>4/5</b>",,,1,0
4406,East of Eden,John Steinbeck,"Steinbeck, John",,"=""0142000655""","=""9780142000656""",5,4.44,Penguin Books,Paperback,601,2002,1952,2024/07/15,2023/11/30,,,read,"Prva pomisao je da svako treba da pročita ovaj monumentalni roman, bez obzira što sam se dvoumio između 4 i 5, bez obzira na čitalački ukus pojedinca verujem da će (skoro) svako uživati. Knjiga se ne ispušta iz ruku, koristio sam svaku priliku da uronim nazad u radnju, pa sam se tako za vreme spremanja ručka i drugih aktivnosti prebacivao na izvrsnu audio verziju u naraciji Ričarda Poa.  <br/><br/>Ovo je višegeneracijska epska saga o porodicama Trask i Hamilton i njihovom doseljenju u Salinas dolinu, na američki zapad, u potrazi za plodnom zemljom i ostvarenjem američkog sna. U svojoj kompleksnosti i ambicioznosti autor povezuje istorijske činjenice (naseljavanje zapada, rat, eksploataciju siromašnih i drugih rasa) sa biblijskom pričom o Kainu i Avelju kroz sijaset vešto osmišljenih likova.<br/><br/>Pre svega, ovo je roman o borbi dobra i zla - unutrašnjoj borbi. Kroz svoje verzije Kaina i Avelja Štajnbek slika raskol između braće koji su sušta suprotnost jedan drugom - jedan je lep, prihvaćen i idealista, drugi je otuđen i rastrzan iznutra, svestan svoje mračne strane i očajan u nastojanju da je odagna. Interesantni likovi uključuju demonsku ženu koja bi mogla da stane rame uz rame sa Hitklifom; odgovarajući delovi knjige se čitaju gotovo kao triler što je bilo pravo iznenađenje. Tu je i promućurni Kinez koji čita Marka Aurelija. <br/><br/>Glavna poruka tiče se slobode svakog pojedinca da za sebe odabere put, nezavisno od toga kakva mu krv teče kroz vene i šta je nasledio. Ovo je i priča o kukavičluku i hrabrosti u suočavanju sa realnošću, o dubinama do kojih zlo može da dosegne, o želji za iskupljenjem. Lak život nekad učini magareću uslugu, stvori lažna očekivanja, ne pripremi nas na realno stanje stvari. <br/><br/><blockquote><i>""Ja verujem da postoji jedna priča na svetu, i samo jedna, koja nas je prestrašila i nadahnula, tako da živimo u bisernom nizu neprestanih briga i čuda. Ljudi su uhvaćeni u svojim životima, u svojim brigama, u svojim gladima i ambicijama, u svojoj škrtosti i surovosti, i u svojoj ljubaznosti i velikodušnosti isto tako - u mrežu dobra i zla. Mislim da je to jedina priča koju imamo i da se događa na svim nivoima osećanja i promisli... Je li to bilo dobro ili loše? Jesam li postupio dobro - ili loše? </blockquote></i><br/><br/>Bio sam na momente rezigniran nemogućnošću likova da se trgnu, da za promenu učine pravu stvar. Ali i u stvarnosti je često tako, naučeni smo na određene šablone kojih je se teško osloboditi pa iznova radimo ono što jedino znamo.<br/><br/>Iako je roman masivan, ni na jednoj stranici (osim inicijalnih nekoliko gde se kreira kontekst) ne oseća se zastoj ili pad fokusa, svaka rečenica je vešto umetnuta. Priča skakuće od jednog do drugog lika, pa se tako iznenada susretnemo sa nekim novim čija se povezanost sa ostatkom tek naknadno otkriva. Sve ima svoju svrhu iako možda nije odmah očigledno. Neke od glavnih likova upoznajemo tek u poslednjem delu romana.<br/><br/>Preporuka svima da je pročitaju. <br/><br/><b>4.5/5</b><br/><br/>",,,1,0
17259022,Beli očnjak,Jack London,"London, Jack",Božidar Marković,"=""""","=""""",5,4.03,Nolit,Hardcover,235,1966,1906,,2023/12/01,,,read,"Skoro 20 godina nakon prvog susreta ovo je i dalje jedna od najuzbudljivijih, najlepših pustolovina u koje sam se upustio čitajući. Priča je o pitomom vuku-divljem psu koji uči da odrasta u sukobu prirode i čoveka, rastrzan između urođenog nagona za otuđenošću i potrebe za sigurnošću pod vlašću ljudi-bogova. Ali ovo nije običan vuk već nadmoćan predstavnik svoje vrste, snažan i nemilosrdan, strah i trepet svima njemu sličnima. <br/><br/>Priča je smeštena na dalekom severu Kanade, u snegom zavejanim šumama i proplancima gde je borba za preživljavanje nemilosrdna i svakodnevna. Napisana je u najvećoj meri iz perspektive vuka, ali bez želje da se životinja učini čovečnom. Ne, ovde Džek London pokazuje bogato lično iskustvo i dočarava životinju-zver verno njenoj pravoj, divljoj prirodi. <br/><br/>On ne opisuje njene racionalne misli kao što bi se to očekivalo za čoveka, već urođene instinkte, čulne osećaje, mudrost i iskustva nasleđena od predaka duboko utisnuta u njegovoj krvi. Opčinjavajuće poznavanje životinjske prirode. Neko će možda reći da nije sve realno prikazano, ali pošto sam i sam oduvek duboko povezan sa životinjama, iznova sam se oduševljavao preciznošću sa kojom pisac prikazuje narav vuka-psa. Tako je izuzetno težak poduhvat pisanja iz perspektive Belog Očnjaka uspeo zahvaljujući jedinstvenom daru i pronicljivosti autora. <br/><br/>Kroz putovanje vuka koji nije znao za lak život nijednog trenutka, spoznajemo o brutalnosti prirode, o indijancima i belima ljudima i kako sredina i ljudi vajaju prirodu životinje, uviđamo i da prirodni instinkti nikad ne nestaju bez obzira na to koliko su potiskivani. <br/><br/><blockquote><i>“Ne mogu se nagoni sopstvene prirode gušiti silom, a da se ta priroda ne povuče u sebe.”</blockquote></i><br/><br/>Jezik je prelep i precizan, opisi ledene prirode severa živopisni, opisi brutalnih borbi snažni, vešto vođena radnja, priča zaista teče pitko i nijednog trenutka se ne oseća zastoj. Napisana još 1906, ima par prikaza bele nadmoćnosti koji ne piju vodu, mala i jedina mana. <br/><br/>Ko je propustio ovu knjigu u mlađim godinama, dobra vest je da nije kasno da je uzme u bilo kom trenutku jer je snažna i iskrena. Ako bolje razmislim, tek sam je sada na pravi način doživeo i uvideo svu njenu lepotu. <br/><br/><b>4.5/5</b>",,,2,0
166997,Stoner,John  Williams,"Williams, John",John McGahern,"=""1590171993""","=""9781590171998""",5,4.35,New York Review Books,Paperback,292,2006,1965,2024/06/30,2024/04/10,,,read,"Da sam se vodio samo opisom knjige sa njene poleđine, nikad se ne bih latio Stonera. Priča o životu tihog, neupadljivog profesora engleske književnosti sa malog univerziteta - ne baš junak na kakvog smo navikli, ne baš priča koja obećava da će biti išta više od dosadne. Ali verujući utiscima vas koji ste je dohvatili, dadoh joj šansu. <br/><br/>Početak knjige zaista beše malo spor. Vilijam Stoner je jedinac u siromašnoj, farmerskoj porodici i od malih nogu znao je samo za mukotrpan rad i ispunjavanje roditeljskih zahteva. Kada se sa 18 obreo na univerzitetu on otkriva ljubav prema književnosti i ostaje tamo da doktorira i postaje profesor. <br/><br/>Iako već prva dva pasusa otkrivaju Stonerov početak i kraj, kroz priče i pojedinosti iz univerzitetskog života, koje obuhvataju dva svetska rata, sklapamo jasnu sliku o njegovom karakteru. Ovo je delo literarne fikcije koje je u potpunosti vođeno glavnim likom sa kojim saosećamo ili se ljutimo nad njegovim postupcima. Ovo je slika o normalnim ljudima, previše normalnim, neupadljivim, ljudima koji prihvataju svoju sudbinu bez pobune; ali slika univerzalna i realistična da, i kada se gnušamo njihovih postupaka i dalje osećamo empatiju ka nečemu što nam je odveć poznato. <br/><br/>Nakon sporog početka priča razvija momentum koji prosto proždire stranice jednu za drugom. Neverovatna stvar. Razgovori o temama koje u realnosti zvuče dosadno ili apstraktno, postaju najuzbudljivija, dinamična rasprava. Jednostavna proza napisana takvim fluidnim tokom koji ti ne da da je ostaviš. Dirljiva priča o svakodnevici, o humanosti, ljubavi za učenjem, moralnosti i tvrdoglavoj principijelnosti, o strasti za životom i nedostatku iste, o traženju smisla u besmislenom svetu. Odzumirana slika jednog bivstvovanja u kome nas uzburkana reka života vuče svojim tokom, baca na okolne stene, pa ponovo proždire.<br/><br/>Zaista ne znam kako je Džon Vilijams ovo uspeo, ali uspeo je da kroz portret Stonera napravi najuzbuljiviju dosadnu priču. Jednostavan, direktan stil pisanja, ni manje ni više od onog što je neophodno. Ne čudi što ga označavaju kao <i>savršen roman</i>. <br/><br/><b>4.5/5</b>",,,1,0
27130201,Kapetanova kći,Alexander Pushkin,"Pushkin, Alexander",,"=""1517603854""","=""9781517603854""",4,3.85,Createspace Independent Publishing Platform,Paperback,142,2015,1836,2024/06/20,2024/06/14,,,read,"Klasična romantičarska priča koja prepliće ljubavnu romansu i ratna previranja. Dešava se u dalekoj ispostavi ruske države, zabačenom seocetu koje pokušava da odbrani položaj od zahuktalog plemena pobunjenika na čelu sa zloglasnim Pugačovom. Puškin kombinuje istorijske događaje (buna) sa izmišljenom ljubavnom pričom, a rezultat je kratka novela koja se lako čita. <br/><br/>Pokretni motor priče su sami događaji kroz koje nas pisac vodi brzim, linearnim tokom. Nema mnogo opisa, niti introspekcija, u pitanju je lagana avantura. Lagana po načinu na koji je dočarana, svakako ne po samoj tematici koja je ozbiljna i teška. Zbog ovoga novela deluje uprošćeno i gotovo komično - ovde ima dovoljno materijala da se napiše jedna Ana Karenjina, ali svako vreme nosi nešto svoje i ne sme se zanemariti uticaj koji je Puškin imao na razvoj moderne ruske književnosti.<br/><br/>Njegov poetski stil ne dolazi previše do izražaja u ovoj kratkoj proznoj noveli koju je objavio samo nekoliko meseci pred smrt u dvoboju. Ipak, u pitanju je vešto ispričana, uzbudljiva priča koja prosto klizi svojim stilom. Ali ako moram da biram, prednost dajem ""Junaku našeg doba"" njegovog naslednika Ljermontova, koji je više bio svoj na svome u sličnom proznom poduhvatu i gde je stilska lepota značajnije došla do izražaja.<br/><br/>3.75/5",,,1,0
8487107,Dnevnik o Čarnojeviću,Miloš Crnjanski,"Crnjanski, Miloš",František Lipka,"=""8633115956""","=""9788633115957""",5,4.26,Narodna knjiga,Hardcover,172,2004,1921,2024/06/15,2024/03/16,,,read,"Dnevnik o Čarnojeviću je prava poezija u prozi. Ovo je priča o životu mladog intelektualca suočenog sa užasima prvog svetskog rata koje proživljava iz prvih redova. On je tanano biće koje ne može da izdrži strašne fizičke i psihološke izazove pa tako na frontu zarađuje tuberkulozu. <br/><br/>Ništa više nema smisao, nema mesta koje bi nazvao domom. Nakon smrti majke, jedine spone između njega i rodnog mesta, on gubi i poslednju nadu da će za života pronaći spoznaju i sreću. Jedino je u smrti izbavljenje. <br/><br/>Lutanje kroz ratna poprišta, istraživanje sveta, čamljenje u bolnicama - ova priča je ispresecana i lako se izgubi vremensko-prostorna nit. U određenim poglavljima on se krije iza drugih, izmišljenih likova, kroz koje pripoveda drugu stranu svoje prirode. Čujemo o njegovim iskustvima sa devojkama, nemogućnošću da se čulno poveže, nedostatkom volje da igde zastane i pronađe dom usled emocionalne otupelosti. Tetke i prote ga provodadžišu, devojke mu se prepuštaju, on se iskrada i vraća svojim maštanjima i melanholiji. <br/><br/>Okreće se prirodi, lepoti neba i žutog lišća, uzburkalog mora. Jedino tu vidi preostalu lepotu sveta. <i>""Jesen i život bez smisla.""</i> Traumama obeleženo detinjstvo je proletelo i neće se vratiti. <br/><br/><i><blockquote>Ljubav, kako je ljubav neprolazna. Čini mi se jedino ona i jesen postoje, sve je drugo samo varka. Niti imam čega što želim, niti čega što žalim. Dobro mi je. Proći ću granice i gradove i sela i šume i vode i neće ostati na meni ništa do prašina na nogama, u srcu ćutanje a na licu blag osmeh besmislen i vreo. Gde sve nije ostalo i palo ponešto sa moje duše razderano i mog života ritavog.</i></blockquote><br/><br/>Roman je prelepo lirsko delo, dakle nećete pronaći mnogo radnje, ovde je sve izraženo u jeziku, prelepom bogatom jeziku. Kratke su misli, kratke rečenice, kratki opisi - ovo je kao slajdšou slika koje čine pokretni film, sekvenca flešbekova na događaje zabeležene u dnevniku, napisana u preplićućem maniru, povremeno koristeći i snove da se izraze dublje, suptilnije misli. Neke slike su radosne i ekstatične, ali ubrzo su zamenjene otrežnjujućim shvatanjem da puta ka sreći nema. Kroz roman on traga za svojim čitaocem, pa eto možda će ih pronaći u nama. Lepota ovog melanholičnog  dela je nemerljiva. <br/><br/><b>4.5/5</b>",,,1,0
7604,Lolita,Vladimir Nabokov,"Nabokov, Vladimir",Craig Raine,"=""""","=""""",4,3.87,Penguin,Paperback,368,1995,1955,2024/06/12,2023/11/30,,,read,"Sasvim mi je jasno zašto se mnogi odlučuju da nikad ne pročitaju ovu knjigu nakon što saznaju o čemu se zapravo radi ili odustanu nakon prvih nekoliko poglavlja. <br/><br/>Ovo je uznemirujuća ispovest Hamberta Hamberta dok u zatvoru čeka početak svog suđenja, o njegovoj opsednutosti i zlostavljanju dvanaestogodišnje Lolite (pravo ime Dolores). Da napomenem odmah da u romanu nema eksplicitnih scena niti je roman zamišljen kao takav - ali kroz Hambertove istančane opise stvaramo sliku potmule sudbine koja je devojčicu zadesila. <br/><br/><blockquote><i>""...and her sobs in the night—every night, every night—the moment I feigned sleep.""</blockquote></i><br/><br/>Hambert je nepouzdan pripovedač, ono što nam govori kroz svoja prisećanja ne sme se uzimati zdravo za gotovo. On je majstor manipulacije, uspeva da zavara sve oko sebe izmišljajući događaje i zavaravajući trag, on planira nekoliko koraka unapred. Tako on pokušava da zavara i čitaoca. On zna da su njegove akcije monstruozne, ali ipak ima mnoge momente kada pokušava da se opravda - svestan je da je slabić koji ne može da kontroliše svoje niske pobude i da njegov slučaj zaslužuje da se analizira u psihijatrijskim udžbenicima, ali će čitaoca pokušati da ubedi da je zaveden i naivan u svemu tome. Ako čitalac u nekom trenutku i oseti trunku sažaljenja, ono nestaje sa svakom sledećom stranicom jer kako priča odmiče Hambert je sve opakiji i smeliji. A mala Lolita čije je detinjasto nevinaštvo iskorišćeno i izmanipulisano, susreće se sa životom bez radosti, bez želje i lepih iskustava koji čine detinjstvo, sa ugušenim snovima. <br/><br/>E sad, zašto ipak vredi pročitati Lolitu? Zato što je napisana šokantno dobro, što čini uznemirujuću priču lakšom za varenje. Ona nema moralnu svrhu sudeći po rečima autora - stvorena je čisto iz estetskih razloga. Nabokov je bio svestan odvratnosti teme i zato je egzekucija morala biti besprekorna. <br/><br/>Pisanje je poetsko, lirsko, zavodljivo, neobično, nelinearno, briljantno. Svaka reč je promišljena. Nabokov je majstor jezika. Iako je ovu knjigu pisao na engleskom koji mu nije maternji, sva se njegova veština sa igrom rečima ipak ogleda u romanu. On obiluje referencama na druge autore (Hambert pokušava da opravda sebe navodeći primere Poa, Dantea...), anagramima, putokazima, neologizmima, imena ljudi i mesta su izmišljeno-deskriptivna, a kroz tekst su počesto ubacivane fraze iz francuskog jezika. Anotirano izdanje koje sam čitao je pomoglo da ispratim neke reference (istovremeno sam slušao i englesku audio verziju koju čita Džeremi Ajrons), ali sam siguran da su mi mnoge promakle na prvo čitanje. <br/><br/>Ovo je takođe parodija i istovremeno kritika na popularnu kulturu, holivud, jurenje američkog sna i nakaradni sistem koji jedno priča a drugo radi. <br/><br/>U svakom slučaju treba diferencirati pisca i naratora. Nabokov ni u jednom momentu ne pokušava da opravda postupke zverskog Hamberta i jasno stavlja da znanja da on nije narator od pouzdanja. Ako vam se ipak tema čini previše uznemirujućom da se upustite u koštac, onda svakako zaobiđite, makar za neko vreme, ovaj naslov. U suprotnom spremite se na tešku priču napisanu izvanrednim stilom (po mom mišljenju mogla je biti kraća za 50-100 strana) koja će nas iznova šokirati svojom lepotom i odvratnošću.<br/><br/><b>4/5</b>",,,1,0
15765941,Vergilijeva smrt,Hermann Broch,"Broch, Hermann",Truda Stamać,"=""""","=""""",0,4.15,Liber,Hardcover,445,1979,1945,,2024/05/30,to-read,to-read (#52),to-read,,,,0,0
8529716,Ostrvo,Meša Selimović,"Selimović, Meša",,"=""8687019408""","=""9788687019409""",5,4.39,Štampar Makarije,Hardcover,176,2008,1974,2024/05/26,2024/02/15,,,read,"<blockquote><i>""A onda mu je palo na um da ona možda i ne zna šta je sreća, i tako i ne zna šta želi. A nešto želi, sigurno, ne bi toliko istrajavala i nosila se s pakosnim duhom karata koji treba da joj donese nečiju naklonost. Ili da je nagovesti. Ne uspijeva, izgleda. Noć prolazi, a ona neprestano baca karte, ne mireći se s izvješnošću da ni slutnje o sreći nema.""</i></blockquote><br/><br/>Predivno napisana priča o bračnoj usamljenosti, strahu od smrti, potajnoj nadi i potmulom osećanju da se stvari nikad neće promeniti na bolje. U središtu radnje je stariji bračni par koji pod stare dane odlazi da živi na neimenovano ostrvo u trošnu kuću sa pogledom na more i na gradska svetla u daljini. <br/><br/>Njihova veza se desila impulsivno, pre nego što su jedno drugo stigli i upoznati - i tako, nekompatibilni za zajednički život oni obitavaju zajedno, ali su stranci između sebe. Ona priželjkuje promenu i makar neku lepu reč od njega, ali dobija samo emocionalnu uskraćenost, a on, skrhan neispunjenošću života i prohujalim vremenom, prezire sve pa i nju. Kroz seriju epizodnih poglavlja iz njihovog života saznajemo o njihovim sinovima, jednom starom psu i magarcu i divljim konjima, o prelepoj mladoj Luonotar...<br/><br/>Teško je rečima opisati lepotu s kojom je Meša pisao ove redove. Ovaj introspektivan roman može stati rame uz rame sa klasicima svetske književnosti po svojoj stilskoj lepoti, prikazima slika i zvukova prirode i sposobnosti da likovima udahne život stavljajući ih u položaj gde je neminovno razmišljati o pitanjima životne sudbine i postojanja. On nagoni čitaoca da se preispita. <br/><br/>Šta tebe muči? Šta propuštaš u svom životu jer se plašiš da probaš nešto drugačije? Skrivaš li se ili bežiš od nečega? Šta bi tvom životu dalo smisao? Koje je tvoje Ostrvo bez izlaza na koje si sebe izgnao?",,,1,0
25351086,Krojcerova sonata,Leo Tolstoy,"Tolstoy, Leo",,"=""8683967700""","=""9788683967704""",5,3.86,,,63,2015,1889,2024/05/21,2024/05/20,,,read,"Jedno dugo putovanje vozom poslužilo je kao povod za vatrenu raspravu u kupeu među grupom stranaca o modernim problemima 19-og veka vezanih za brak i ljubav. U periodu kada brak postaje liberalniji, a razvodi učestaliji, postavlja se pitanje njegove svrhe i da li je brak iz ljubavi uopšte moguć. Podstaknut nekim stavovima, jedan od putnika koji je do tada bio nem i povučen počinje svoju priču, priču o zločinu koji je počinio i nesrećnim događajima koji su do toga doveli. <br/><br/>Ova kratka novela je zbog svoje eksplicitne prirode i provokativnih ideja bila zabranjena sve dok sama Tolstojeva žena nije kod cara izmolila dozvolu da se štampa. Govori o ljubomori, ljubavi, gnevu i borbi za kontrolu u muško-ženskim odnosima. <br/><br/>Tolstoj kroz lik sujetnog protagoniste kritikuje brak kao ustanovu koja žene pretvara u objekte muške kontrole, a s druge strane kritikuje seksualnost koja moralno degradira. Brak bi trebalo da bude plod čiste ljubavi i prijateljstva, lišen pogubnog uticaja požude.<br/><br/>Autorovo delo iz poznih godina, Krojcerova sonata je izraz Tolstojeve potrage za duhovnim iskupljenjem. Kroz tragičnu priču protagoniste, Tolstoj se zalaže za život moralne strogosti i duhovne čistote, oslobođen destruktivnog uticaja neobuzdane seksualnosti. A kroz Betovenovu simfoniju iz naslova pokazuje kako vrhunska umetnost koja, u prigodnoj situaciji zbližava i inspiriše ljude, ima moć i da nas izmeni i čak navede na zlo. <br/><br/><b>4.5/5</b>",,,1,0
16081812,Zlatni paviljon,Yukio Mishima,"Mishima, Yukio",Dejan Razić,"=""""","=""9788681567425""",4,3.97,Tanesi,Paperback,292,2011,1956,2024/05/18,2024/05/07,,,read,"Bazirano na istinitoj priči o zlatnom hramu u srcu Kjota koji je preživeo pet vekova ratovanja i postao simbol Japana, i o jednom budističkom studentu/monahu koji, izolovan od sveta zbog svoje govorne mane i ružnjikavog lica, u hramu vidi svog saveznika. <br/><br/>Njegova opsesija hramom evidentna je iz činjenice da je sintagma ""zlatni paviljon"" izgovorena gotovo u svakoj trećoj rečenici (preterujem ali takav se utisak stiče). Hram je za njega epitom lepote, iskrsava mu u mislima u svakom trenutku i sve se sa njim poredi, on mu uzurpira čak i ljubavne trenutke. U hramu pronalazi lepotu koju u sebi ne vidi što ga čini depresivnim, besnim pa i ljubomornim.<br/><br/>Njegov govorni deformitet koji ga sprečava da se izrazi i poveže sa svetom polako ga pretvara u sociopatu, on se vremenom oslobađa potrebe da ugađa drugima i prihvata ulogu lošeg momka. U njemu tinja želja za osvetom celom svetu zbog svoje zle sudbine i nesposobnosti da se prilagodi, i zato traži snažan način da pošalje poruku.  <br/><br/>Ne iznenađuje što je Mišima pronašao u ovom istinitom događaju (koji nisam sasvim otkrio) inspiraciju da napiše priču (čak je posetio glavnog odgovornog da bi razumeo njegove motive), s obzirom da je i sam imao teško detinjstvo a kasnije u životu se transformisao iz tananog u snažnog momka u inat svetu.<br/><br/>Roman se sastoji iz beskrajnih opisa prirode i arhitekture, života u hramu kao i unutrašnjih monologa protagoniste koji podsećaju na Dostojevskog i njegove Zapise iz Podzemlja ili Zločin i Kaznu. Stil pisanja i opisi su veoma lepi, ali donekle prekomerni - voleo bih da je knjiga skraćena za 50-100 strana. Zbog toga ne mogu da kažem da sam uživao čitajući iako je objektivno veoma lepo napisana priča o osobi koja zbog svog prezira prema sebi, mrzi sve što je u svetu lepo.  <br/><br/>3.75/5",,,1,0
10064,Rosshalde,Hermann Hesse,"Hesse, Hermann",Alberto Luis Bixio,"=""9500725959""","=""9789500725958""",5,3.81,Sudamericana,Paperback,217,2005,1914,2024/04/30,2023/12/10,,,read,"Budući da mi je jedan od omiljenih pisaca, navikao sam da me Hese nikad ne razočara, pa je tako bilo i sa ovom pričom koja je jedna od prvih koje je napisao. Govori o nesrećnoj porodici Veragut na imanju Roshalde - Johan i njegova žena su se vremenom potpuno udaljili, njihovi zahladneli odnosi utiču na dva sina i stvaraju netrpeljivost i hladnoću u kućnoj zajednici. <br/><br/>Johan je slikar koji u svojoj umetnosti traži beg od stvarnosti. U njemu se vodi bitka između nagona da se oslobodi stega koje ga drže okovanog u mestu i ljubavi prema mlađem sinu kojeg ne želi da napusti. On je uspešan umetnik čije se slike izlažu u velikim evropskim galerijama, ali njegov unutrašnji život i porodični odnosi, sakriveni od spoljnog sveta, polako ga izjedaju. Njegova žena Adela, brine iste brige - njih dvoje su jednostavno različite osobe i ne uspevaju da nađu zajednički jezik pa žive na imanju kao potpuni stranci. <br/><br/>Ono što mi najviše prija u Heseovim romanima je motiv unutrašnje borbe tragača za smislom, osobe nesrećne u svom životu u kojoj kulja potreba da pobegne putem duhovne slobode. Tako i ovde odricanje zarad održanja prividne slike da nije sve izgubljeno vodi ka otuđenosti unutar sopstvene kuće i potisnutoj želji da se napokon prekine sa tim životarenjem i ostatak života provede autentično. Ali takvi izbori nisu uvek laki, imamo li pravo da ih odaberemo ako će to povrediti osobe koje volimo? Rastrojen mučnom sudbinom, čovek ne zna ceniti ni ono vredno što ima pored sebe i posvetiti mu pažnju sve dok ne bude kasno.<br/><br/><blockquote><i>Mnogo više je žudio za tim dalekim i spokojnim svetom u kome bi njegove patnje, brige, borbe i lišavanja morali postati tuđi, daleki i naposletku izbledeti, tamo bi mu sa duše spale stotine malih svakodnevnih opterećenja, a prihvatila bi ga jedna nova, čista atmosfera bez krivice i patnji.</i></blockquote><br/><br/>Primetno je kroz stil pisanja da je ovo delo Heseov rani rad i oseća se kako je polako brusio zanat. Zaista sjajna i teška priča koja istražuje važna pitanja ljudskog postojanja i ljudskih odnosa. <br/><br/><b>4.25/5</b>",,,1,0
21937775,Melanholija otpora,László Krasznahorkai,"Krasznahorkai, László",Marko Čudić,"=""""","=""""",0,4.11,Plato,Paperback,383,2013,1989,,2024/04/26,to-read,to-read (#51),to-read,,,,0,0
25671983,Posljednji dan na smrt osuđenoga,Victor Hugo,"Hugo, Victor",,"=""""","=""""",0,3.96,Šareni dućan,Hardcover,171,2013,1829,,2024/04/26,to-read,to-read (#50),to-read,,,,0,0
24319452,Žudnja za životom,Irving Stone,"Stone, Irving",Ljerka Radović,"=""""","=""9788610009101""",4,4.28,Vulkan izdavaštvo,Hardcover,367,2014,1934,2024/04/13,2024/04/03,,,read,"Biografije uvek pogađaju jače od običnih priča, a ovu sam jedva dovršio do kraja - toliko je upečatljiva i tragična ličnost bio Vinsent da će se svako, bio umetnik ili ne, saživeti sa njegovom nesrećom. <br/><br/>Irving Stoun je roman stvorio na osnovu prepiski između Vinsenta i njegovog brata Tea (oko 700 pisama), kao i kroz priču sa umetnikovim, tada još živim, istovremenicima koji su imali priliku da ga upoznaju. Priča prati Vinsenta, od mladih dana kada je radio kao trgovac umetničkim delima, pa propovedao u brutalnim, belgijskim rudnicima, sve dok nije otkrio u sebi strast za slikanjem i lutao u potrazi za pejzažima i putovao po prestonicama umetnosti susrećući druge, nama dobro poznate likove, slikare, pisce iz tog vremena poput Gogena, Sezana, Zole...<br/><br/>Ta strast je postala ceo njegov svet - žudnja za životom je zapravo bila žudnja za umetničkim izražavanjem, za usavršavanjem, sve drugo je bilo podređeno tome. Njegov život je vredan sve dok ima strast za slikanjem, bez toga, on nema smisla. On uživa u jarkim bojama prirode, kao i gledajući radnike koji provode život u polju.<br/><br/>Imao je tu nesreću da ga ne vrednuju kao osobu i slikara; često im je davao i povoda svojom plahovitom, opsesivnom prirodom. A njegove  slike (bilo je interesantno kroz opise slika tražiti ih guglom) su bile poput njegovog karaktera, impulsivne, neuravnotežene, uskovitlane. On nije želeo da scene predstavi onako kako ih oko vidi, već kako ih srce doživljava. Svet nije bio spreman za njega.<br/><br/>Moram da priznam da se knjiga jako sporo čitala i da mi je trebalo napora da duže ostajem uz nju, stil pisanja je veoma pojednostavljen, dijalozi često suvoparni i posle određenog vremena zamorni. Ovom delu fali malo magije. Lepo je ispričana priča, ali nedostaje neka suština koja bi je pojačala. Vinsent je bio strastvena ličnost, a to je ono čega nema dovoljno u romanu, romanu koji je molio za više snažne proze a manje preciznih, konciznih izraza. Pedantna saga o razuzdanom čoveku. <br/><br/>Ono što je mene fasciniralo možda više i od same Vinsentove priče je jedan drugi lik, njegov brat Teo. Da nije bilo ovog divnog, božanskog čoveka svet nikad ne bi iskusio Vinsentovu briljantnost, niti bi sam umetnik uspeo da se ostvari bez bezrezervne pomoći svog brata. On je Frodov Sem, i u dobru i u ludilu, uvek tu da podnese žrtvu. <br/><br/>U svakom slučaju knjiga vredna čitanja, naročito za one koji se vode emocijama i koje interesuju umetničke vode. Jer ovo je možda i najbolji način upoznavanja sa likom i delom ovog bezvremenskog, tragičnog genija, zajedno sa svim njegovim nesavršenostima. Nećete moći a da ne pustite suzu jer život često nije fer, ali uprkos tome ono što zaista vredi ostaje da kao žarko sunce sija preko vremena i prostora.<br/><br/><b>4/5</b>",,,1,0
12405792,Opasne veze,Pierre Choderlos de Laclos,"Laclos, Pierre Choderlos de",Dušan Z. Milačić,"=""""","=""""",0,4.05,Beograd: Dosije,,323,1990,1782,,2024/04/09,to-read,to-read (#49),to-read,,,,0,0
4069,Man's Search for Meaning,Viktor E. Frankl,"Frankl, Viktor E.","Harold S. Kushner, William J. Winslade, Isle Lasch","=""080701429X""","=""9780807014295""",4,4.37,Beacon Press,Paperback,165,2006,1946,2024/04/02,2024/04/01,,,read,"Iako je knjiga prilično nesavršena i pomalo napisana zbrda-zdola, mislim da bi svakome koristilo da je pročita bar jednom zbog unikatne poruke koju u sebi nosi. Čak i u najtežim ili bezizlaznim situacijama čovek može u sebi pronaći snagu da sve podnese i prevaziđe vodeći se za nekim uzvišenijim idealom. Bez obzira kakve nam karte život dodeli na nama je da odlučimo kako ćemo se prema tome odnositi. Svako će ceniti svoju slobodu više kad pročita kroz kakve su golgote prošli ljudi opisane ovde. Poznati Tolkinov citat lepo se uklapa u glavni motiv knjige:<br/><br/><blockquote><i>“Voleo bih da to nije moralo da se desi u moje vreme”, reče Frodo. <br/>“Ja takođe”, reče Gandalf, “a tako i svi oni koji dožive takva vremena. Ali nije njihovo da o tome odlučuju. Sve o čemu mi imamo da odlučimo jeste šta da činimo s vremenom koje nam je dato.”</blockquote></i><br/><br/>Knjiga je podeljena u dva dela - u prvom autor opisuje brutalna iskustva koja je doživeo u koncentracionim logorima za vreme drugog svetskog rata, a u drugom osnovne principe logoterapije, treće bečke škole psihoterapije koju je sam osnovao. Prvi deo mi je bio prijemčiviji, autor govori kako su logorske strahote uticale na ljude drugačije zavisno od njihovog karaktera. Jedni se predaju, drugi gaje lažnu nadu, treći žive od jednog do drugog trenutka trudeći se da održe snažan duh. Ono što svima najteže pada je neznanje da li će se ikada izbaviti iz tog ropstva, da li im je porodica živa, ima li smisla živeti i boriti se. <br/><br/>Za razliku od Frojdove psihoanalize čiji pristup izlečenju čoveka podrazumeva istraživanje njegovih trauma iz prošlosti kao i seksualnih nagona, Frankl gleda u drugom pravcu - ka budućnosti i rešenje problema vidi u potrazi za smislom življenja, nečim zbog čega smo svi došli ovde. On svojim pacijentima postavlja pitanje iz naslova kako bi zajednički otkrili motiv koji ih vodi. <br/><br/>Smatram da su oba pristupa važna, da čovek u prošlosti mora otkriti korene svojih nedaća a u budućnosti videti sliku onoga ka čemu ga je sudbina odredila, ali da je ono najvažnije - život u trenutku, u njemu čovek mora biti uzemljen.<br/><br/>Ono što mi se manje dopalo u knjizi je klinički ravan stil kojim su opisana izuzetno lična, traumatična iskustva autora. Prvo izdanje napisano je za svega devet dana, ubrzo nakon izlaska iz logora, pa ne čudi što je donekle neorganizovana i nepotpuna. Ali zamišljena je kao kratak priručnik pa stoga i neličan ton; iako sam poželeo da je malo više emotivno nabijena s obzirom na tematiku. U svakom slučaju je lepo oslikano kako ljudska patnja kreira čovekov karakter, kako onaj ko se upusti u koštac na kraju izlazi promenjen, ali snažniji. Koliko god ta patnja bila mala ili velika u njoj se krije prilika da svako sebe izgradi.<br/><br/><blockquote><i>Sve se od čoveka može oduzeti, osim jednog: njegove krajnje slobode – da odabere stav u određenim okolnostima; da izabere sopstveni put.</blockquote></i><br/><br/><b>3.75/5</b>",,,1,0
14497,"Neverwhere (London Below, #1)",Neil Gaiman,"Gaiman, Neil",,"=""0060557818""","=""9780060557812""",2,4.16,William Morrow Paperbacks,Paperback,370,2003,1996,,2023/12/01,did-not-finish,did-not-finish (#2),did-not-finish,"Odustao posle 70 strana. Na prvi pogled interesantna postavka koja nije ispunila ništa od svojih obećanja. Ono što se već nagoveštalo čitajući druge Gejmenove knjige (Nordijska mitologija - 3, Knjiga o groblju - 3.5) ovde dolazi do punog izražaja - mediokritet i površnost u svakom pogledu, kreiranju radnje, razvijanju likova, stilu pisanja... A baš sam želeo da mi se ova knjiga svidi iako sam je dugo odlagao predosećajući ishod, poželeo sam neko lako štivo za odmor.<br/><br/>Činjenica da se dešava u podzemnim tunelima Londona, da imamo grad ispod grada i mračne, magijske elemente na kojim je zasnovan ovaj skriveni svet delovala mi je interesantno, iako ne unikatno. Ali sve ostalo je veoma nespretno izvođenje. <br/>Ovde pre svega mislim na objašnjenja principa na kojima je zasnovan ovaj svet - moderni fantastični roman morao bi da objasni kako određene stvari funkcionišu, ali ovde je sve moguće, nema pravila i sklapam sliku Gejmena kako sedi za kompjuterom i smišlja koju će sledeću magičnu nebulozu da ubaci u radnju, sve zarad dramatizacije, a bez smisla i razloga (npr, protagonista izlazi stepenicama iz podzemlja i odjednom se nalazi na vrhu ogromnog solitera.)<br/><br/>Iako se dešava mnogo obrta i zapleta, knjiga se odvija beskrajno sporo, ne uspevajući da me uvuče u sebe. Glavni lik dosadan i stereotipičan, opisi, dijalozi, povremeno humoristični, manjkaju dubinu. Autor nam govori kako da reagujemo umesto da nas navede da sami dođemo do zaključaka. <br/><br/>Obično pažljivo biram knjige jer nemam strpljenja za ono što me ne privlači. Ovaj pokušaj je bio bezuspešan tako da odustajem na vreme. Možda se u nekoj drugoj situaciji opet vratim Gejmenu, ali mislim da to neće biti skoro. Jasno mi je zašto ga mnogi obožavaju jer ima interesantne ideje, ali način i stil kojim je to izvedeno mene lično ne dotiče. Samo dim, nigde vatre.<br/><br/><b>1.5/5</b>",,,0,0
7671672,Kad je Niče plakao,Irvin D. Yalom,"Yalom, Irvin D.",Olivera Živanović,"=""""","=""9788644705451""",5,4.36,Plato,Paperback,381,2011,1992,2024/03/28,2024/03/20,,,read,"Ne znam šta me je najviše oduševilo u ovoj knjizi - vešto osmišljena struktura, zanimljivi prikazi dve poznate istorijske ličnosti u fiktivnoj postavci ili zabavno istraživanje filozofskih i duhovnih tema kroz njihov uzbudljiv psihoterapeutski razgovor.<br/><br/>Jalom, američki psihijatar, došao je na ideju o hipotetičkom susretu filozofa Fridriha Ničea i Jozefa Brojera, uglednog Bečkog doktora neurofiziologije i jednog od začetnika psihoanalize zajedno sa njegovim mladim prijateljem Frojdom.  Radnja je smeštena u 1882. godinu gde tada 38-godišnji Niče pati od strahovitih napada migrene, ali i <b><i>očajanja</i></b> što ga sve dovodi i do suicidalnih misli. Niče ne želi pomoć, ali njegov predmet opsesije, lepa, mlada prijateljica Lu Salome, organizuje u tajnosti plan da se filozof dovede kod doktora na inovativnu terapiju ""razgovorom"" s obzirom da nijedan drugi doktor ni tretman nije doveo do rešenja. <i>Budućnost Nemačke i svetske filozofije je u pitanju.</i><br/><br/>Istina je da i jedan i drugi čovek pate od svojih demona pa se i kroz terapije njihove uloge doktora odnosno pacijenta transformišu, obojica pokušavaju da sakriju svoje karte i navedu onog drugog da se otvori - igra moći kako bi je Niče nazvao. Kome od njih je pomoć više potrebna i vode li njihove seanse ka rešenju ili produbljuju odveć bolne muke?<br/><br/><blockquote><i>""Svaka osoba mora da odluči koliko istine može da podnese.""</blockquote></i><br/><br/>Niče je bio osoba kakva se jednom rađa i nemoguće je sasvim se staviti u njegove cipele i voditi razgovor vešto kako bi on to radio. Ne treba to ni očekivati od Jaloma koji je svakako dao sve od sebe da upozna i poistoveti se sa ličnošću slavnog filozofa, a koja uprkos tome na momente zvuči kao senka smelog i oštroumnog mislioca. S druge strane doktor Brojer ima krizu srednjih godina, preispituje brak i svoje životne odluke i, kao i Niče, nesrećan je i opsednut mladom devojkom, svojom bivšom pacijentkinjom.<br/><br/><blockquote><i>„Koliko sam od života propustio"", zapita se, „samo zbog toga što nisam uspevao da gledam? Ili sam gledao, a nisam video?""</blockquote></i><br/><br/>Kroz karakterni razvoj likova, upoznajemo se sa principima Ničeove filozofije, saznajemo zašto se oseća kao otpadnik i mislilac koji je rođen pre svog vremena. Saznajemo i o fascinantnoj ličnosti Jozefa Brojera, lekara kome su išle poznate ličnosti tadašnjeg Beča i okoline. <br/><br/>Roman je zamišljen da se koristi kao propratni udžbenik za doktorove studente, ali on savršeno funkcioniše kao priča koja može da se prati i veoma je uzbudljiva. Prepuna je interesantnih psiholoških i filozofskih zrnaca mudrosti, a lako je saživeti se sa likovima i njihovim nesrećama. Ovo je psihoterapija prikazana na pitak način, koji nije odbojan ili dosadan ni za laika poput mene. <br/><br/><blockquote><i>“History is fiction that did happen. Whereas fiction is history that might have happened.” - André Gide</i></blockquote><br/><br/>Delom zamišljen a delom činjeničan, ovaj roman istorijske fikcije je mogao da se desi. Iako se Niče i Brojer nikada nisu sreli, za to je svakako postojala mogućnost s obzirom da su se njihove nedaće, bolesti i strahovi zaista intenzivirali te 1882. godine. Ko zna, možda je u nekoj paralelnoj realnosti do ovog susreta i došlo i ne bi bilo ludo pretpostaviti da bi se odigrao baš na ovaj način.<br/><br/><b>4.5/5</b>",,,1,0
226378,A Hero of Our Time,Mikhail Lermontov,"Lermontov, Mikhail",Paul Foote,"=""014044176X""","=""9780140441765""",5,4.11,Penguin Classics,Paperback,185,1966,1840,2024/03/26,2023/12/31,,,read,"<blockquote><i>„Pa šta? Neka i umrem! Gubitak je za svet mali, pa i meni samom već je prilično dosadno. Ja sam kao čovek koji zeva na balu, a ne ide da spava samo zato što nema njegovih kola. Ali kola su tu...“</i></blockquote><br/><br/>Rodio se sa već oformljenom moći stvaranja literarnih remek-dela koji su utrli put mnogim autorima posle njega - jedino se tako može opisati dar Mihaila Ljermontova koji je proizveo tako zreo i kvalitetan književni opus za svega 26 godina. Jer toliko je imao kad je izgubio život u dvoboju. <br/><br/>Junak (ili preciznije anti-junak) našeg doba je zbirka od pet priča koje su međuspobno odvojene, ali imaju nit koja ih spaja, a to je glavni lik - oficir Pečorin. On je oličenje samog pisca (iako će to pisac pokušati da opovrgne), njega muče isti košmari i slična im je sudbina određena. <br/><br/>Pisac koristi nekoliko različitih perspektiva da ispriča dogodovštine glavnog junaka - to nam omogućava da ga sagledamo iz više uglova, preko drugih i kroz lične dnevnike. Pečorin je oličenje nesklada i nespokoja. On je lep, mlad, bogat, obožavan od strane lepih žena i predmet zavisti drugih muškaraca. Ali to mu ne pomaže da se oseća srećno i ispunjeno. <br/><br/><blockquote><i>""I sad ovde, u ovoj dosadnoj tvrđavi, često razmišljam o prošlosti i pitam samoga sebe zašto nisam hteo da pođem onim putem koji mi je sudbina ukazala, gde su me očekivale tihe radosti i duševni mir... Ne! Ja ne bih mogao tako živeti. Ja sam kao mornar koji je rođen i odrastao na palubi razbojničkog broda: njegova duša se stopila s burama i bitkama, izbačen na obalu on se dosađuje i muči, ma koliko ga privlačio senoviti šumarak, ma koliko sijalo mirno sunce; on celi dan šeta po pesku na obali, sluša jednolični šum talasa i zagleda se u maglovitu daljinu: neće li se tamo, na bledoj liniji koja odvaja modru pučinu od sivih oblaka, pojaviti željeno jedro, najpre slično krilu galeba, ali koje se malo-pomalo odvaja iz pene talasa i ujednačenim kretanjem približava pustom pristaništu.""</i></blockquote><br/><br/>Pet povezanih nehronoloških priča, svaka kao epizoda iz života glavnog junaka, udubljuju se u pitanja ljubavi i smisla života. Radnja je smeštena na Kavkazu u ranom devetnaestom veku, za vreme dugog rata između Rusije i domorodačkih plemena. <br/><br/>Kroz Pečorinov odnos prema ženama uviđamo sve nedostatke njegovog lika - on je mizantrop koji nije u stanju da se poveže sa drugim ljudima, pa tako i žene vidi samo kao objekat kratkotrajne požude. On je vešt zavodnik koji se koristi manipulacijama da bi isprovocirao reakcije drugih. Na odnose sa drugima gleda kao na šahovsku igru jer emocionalno nije u stanju da se poveže. Neke partije dobiješ, neke izgubiš, takav mu je stav u životu, hladan i nezainteresovan on gotovo da i ne mari za svoj život. Juri večno uzbuđenje kako bi potisnuo dosadu koja mu je ustaljeno stanje duha. Ne drži ga interesovanje, niti mesto. Intelektualna superiornost napravila je od njega cinika po cenu kultivisanja plemenitosti i ljubavi. Njega tako malo toga u životu dotiče, jedino oni momenti kada mu je život na ivici ili njegov samoljubivi duh podboden.<br/><br/><blockquote><i>„. . . dvadeset puta ću staviti na kocku svoj život, čak i čast. . . ali svoju slobodu ne dam. Zašto mi je ona tako draga? Šta imam od nje? Šta hoću od sebe? Šta očekujem od budućnosti?. . . Iskreno, baš ništa. . .“ „. . . Prelazim u mislima svoju prošlost i nehotice se pitam: zašto sam živeo? S kakvim sam se ciljem rodio? A cilj mora da je postojao, i mora da mi je bio određen neki visoki zadatak, jer osećam u svojoj duši neizmernu snagu. . . Ali ja nisam pogodio taj zadatak, mene su zaveli mamci praznih i niskih strasti; iz ognja tih strasti iskovao sam se tvrd i hladan kao čelik, ali sam zauvek izgubio žar plemenitih težnji — najbolji cvet života. . .“ „. . . A možda ću sutra umreti!. . . I neće ostati na zemlji nijedno stvorenje koje bi me potpuno razumelo.“</i></blockquote><br/><br/>Mladi Ljermontov koji je bio obrazovan i načitan, gutao je poeziju Lorda Bajrona (ne čudi s obzirom da porodični koreni vode iz Škotske) pa je i u svom romanu stvorio bajronovski lik. Uz svog savremenika Puškina, zaslužan je za procvat ruskog romantizma, a njegove pesme i roman inspirisale su „Rat i mir"" i druge klasike ne samo ruske književnosti. <br/><br/>Roman je napisan prelepim, poetičnim stilom, svaka rečenica je vešto izvajana, sa divnim opisima prirode, maglovitih planina i kršnih predela. Autorovo pesništvo dolazi do izražaja i u ovom proznom delu, redovi su ukrašeni bogatim, opisnim rečima koji omogućavaju čitaocu da se saživi sa ovim slikovitim, burnim pejzažom.<br/><br/>Možemo samo zamisliti šta bismo dobili u amanet da se život Mihaila Ljermontova nije naprasno završio, na isti način na koji je i njegov uzor, o čijoj je smrti napisao poemu „Smrt pesnika"", okončao. Da smo do kraja dočekali razvoj mlade ličnosti i književnost stila. Ali poput svog junaka, pisac je jedino znao da živi na ivici noža, a to često dovede do tragičnog poetičnog kraja.<br/><br/><b>4.5/5</b>",,,1,0
49121651,Tatarska pustinja,Dino Buzzati,"Buzzati, Dino",Dejan Ilić,"=""8652134871""","=""9788652134878""",5,4.21,Laguna,Paperback,277,2019,1940,2024/03/20,2024/01/07,,,read,"Ovo je priča o posledicama života u kojem večito iščekujemo da se nešto desi dok nas težina trenutne, status-quo situacije pritiska i polako odvaja od stvarnosti. <br/><br/>Đovani Drogo, mladi oficir kreće na svoj prvi zadatak - službu u udaljenoj, tajanstvenoj tvrđavi Bastijani u planinama, na granici sa severnim zemljama preko Tatarske pustinje. Ova dva imena su jedina obeležja koja imamo o prostorno-vremenskom okviru u kom se radnja događa. Stoga ova priča nije istorijska već univerzalna i gotovo bajkovita. <br/><br/>Put od grada do tvrđave kroz nepregledne klisure je kao prelazak iz jednog sveta u drugi. Drogove iluzije o tvrđavi su raspršene ubrzo nakon prvog susreta, ali volja za vraćanjem natrag je suprotstavljena sa nečim neizrecivim čime ga tvrđava privlači da ostane. <br/><br/><i><blockquote>""Vekovi će proći, i neće biti dovoljno. Sada je put napušten, sa severa više niko neće doći. - Pa iako su ovo bile njegove reči, glas srca govorio je drugo: apsurdan, neosetljiv na godine, čuvao se u njemu, iz vremena mladosti, taj duboki predosećaj fatalnog, neka skrivena izvesnost da ono najbolje u životu tek treba da počne.""</i></blockquote><br/>Vojnički život na osmatračnici je izrazito monoton - stražari u istom ritmu koračaju po bedemima gledajući u horizont iščekujući napad plemena iz severnih zemalja. Dani, jedan nalik drugom, prolaze kao reka, tiho i neprimetno. I pre nego što vojnik shvati, a prošle su godine i njihov život ima sve manje smisla.<br/><br/>Vizija o junaštvu koje bi vojnik iskusio kad bi se konačno pojavio neprijatelj preko horizonta održava ih u stanju budnosti i verovanja da njihovo odricanje nije uzaludno. Svaka mrlja ili pokret u daljini poput fatamorgane je u njihovim očima. <br/><br/>Da li se treba pošto-poto držati izabranog puta, istrajati i onda kad sve izgleda promašeno? Dokle doseže naša nepresušna mladost? I može li se čovek vratiti ovako izmešten i drugačiji starom životu, starim prijateljima kao da se ništa nije desilo i nastaviti gde je stao. Jer izgnanstvo od sveta itekako otuđi čoveka, on se više ne može poistovetiti sa onima koji su ostali sa druge strane. <br/><br/><blockquote><i>""Sada su opet bili udaljeni, između njih se otvarala praznina, uzalud su pružali ruke da se dotaknu, iz časa u čas distanca se povećavala.""</i></blockquote><br/>Odlaskom u tvrđavu prekida se jedan tok života i ulazi u stanje gde se ništa ne dešava, sve je zamrznuto osim vremena koje neumitno teče. Đovani Drogo je poziv na buđenje svima nama. Preporuka za ovu prelepo napisanu priču.<br/><br/><b>4.5/5</b>",,,1,0
17162367,Božanstvena komedija,Dante Alighieri,"Alighieri, Dante","Mihovil Kombol, Mate Maras","=""9537160645""","=""9789537160647""",0,4.09,"Globus media, Zagreb",Hardcover,735,2004,1320,,2024/03/16,to-read,to-read (#48),to-read,,,,0,0
11043255,The Epic of Gilgamesh,Anonymous,"Anonymous, Anonymous",Andrew R. George,"=""""","=""""",4,3.75,The Folio Society,Hardcover,211,2010,-2000,2024/03/15,2024/03/14,,,read,,,,1,0
17970193,Gazda Mladen,Borisav Stanković,"Stanković, Borisav",,"=""""","=""""",5,4.38,,Unknown Binding,,,1928,2024/03/12,2024/02/15,,,read,"<blockquote><i>""Umreću ranjav i željan""</i></blockquote><br/>Ovo je priča o Mladenu, patrijarhalnom domaćinu iz trgovačke čaršije koji zarad očuvanja ugleda porodice i nenarušavanja mira, radi sve onako kako se od njega očekuje, stavljajući sa strane svoje želje i osećanja. <br/><br/>Baba Stana, kao najstariji član i glava porodice, autoritetom i bez reči, navodi Mladena da zanemari svoje osećaje i čuva i proširuje porodični imetak, a večito odricanje, bilo u ljubavi ili veselju, neizbežno uništava i najjače srce. Mladen, eventualno i sam postaje izvor straha za ukućane, meštane, on je otvrdnuo i aura koju nosi za sobom lebdi snažno i autoritativno. <br/><br/>U patrijarhalnom društvu tadašnjeg vremena, ženama je bilo naročito teško, a to vidimo kroz dva ženska lika koja su osuđena na službu tuđim prohtevima i na život u stalnom strahu. <br/><br/>Ovo je geneza nastajanja jednog promašenog života koga su sredina i vlastiti izbori odveli u tužnom pravcu. Uzoran domaćin slomljenog srca. Mladen, iako stoički podnosi izazove i odricanja, govorom tela i ponašanjem jasno pati. Knjiga nije pisana iz prvog lica, narator je nepristrasan i zajednički za sve likove, ali radnja kruži oko Gazde Mladena. Od njega ne čujemo koliko mu je teško, ali možemo da osetimo tu bolnu nelagodu. <br/><br/>Generalno u priči, ima malo dijaloga i likovi su škrti na rečima - oni ne komuniciraju direktno kako ne bi jedni druge uvredili ili ih doveli u nezgodan položaj, već namere onih drugih čitaju između redova, gledajući krajičkom oka govor tela ili osećajući to u njihovom glasu. <br/><br/>Sve je ovde prećutno - i mišljenja i želje i tugovanja. Pa ipak izbija iz redova nestvarnom jačinom. <br/><br/>Ova priča, napisana lepim poetskim, a konciznim stilom, koja je objavljivana u delovima i uređena u celinu tek nakon autorove smrti, izrazito je snažna slika o čoveku kakvog svi verovatno znamo i opomena o posledicama zanemarivanja sopstvenih motiva i osećanja. <br/><br/><b>4.5/5</b>",,,1,0
51054266,Atomske navike,James Clear,"Clear, James",Jasmina Stojanović,"=""8663030428""","=""9788663030428""",4,4.32,Finesa,Paperback,267,2019,2018,2024/02/03,2024/01/27,,,read,,,,1,0
9518298,Tako je govorio Zaratustra,Friedrich Nietzsche,"Nietzsche, Friedrich",Fridrih Nice,"=""8678440341""","=""9788678440342""",0,4.07,Feniks Libris,Hardcover,352,2007,1883,,2024/03/12,to-read,to-read (#46),to-read,,,,0,0
17253680,Samom sebi,Marcus Aurelius,"Aurelius, Marcus","Albin Vilhar, Miloš N. Đurić","=""8673466415""","=""9788673466415""",5,4.28,Dereta,Paperback,209,2008,180,2024/03/09,2024/02/17,,,read,,,,1,0
24970,Either/Or: A Fragment of Life,Søren Kierkegaard,"Kierkegaard, Søren","Alastair Hannay, Victor Eremita","=""""","=""""",0,4.16,Penguin Classics,Paperback,633,1992,1843,,2024/03/09,to-read,to-read (#45),to-read,,,,0,0
2657,To Kill a Mockingbird,Harper Lee,"Lee, Harper",,"=""0060935464""","=""9780060935467""",4,4.26,Harper Perennial Modern Classics ,Paperback,323,2006,1960,2024/03/07,2023/12/05,,,read,,,,1,0
14680,The Charterhouse of Parma,Stendhal,"Stendhal, Stendhal","Richard Howard, Arthur Schurig, C.K. Scott Moncrieff, Robert Andrew Parker","=""0679783180""","=""9780679783183""",0,3.78,Random House Publishing Group,Paperback,532,2000,1839,,2024/03/06,to-read,to-read (#44),to-read,,,,0,0
34936024,Fantom iz Opere,Gaston Leroux,"Leroux, Gaston",Jakša Jovović,"=""8610018423""","=""9788610018424""",0,3.96,Vulkan izdavaštvo,Hardcover,280,2017,1910,,2024/03/05,to-read,to-read (#43),to-read,,,,0,0
18336409,Jadnici,Victor Hugo,"Hugo, Victor",Nikola Banašević,"=""8610000680""","=""9788610000689""",0,4.21,Vulkan izdavaštvo,Hardcover,947,2013,1862,,2024/03/05,to-read,to-read (#42),to-read,,,,0,0
23277106,Učenje don Huana,Carlos Castaneda,"Castaneda, Carlos",,"=""""","=""""",2,3.94,"Prosveta, Beograd",Paperback,284,1981,1968,2024/02/29,2024/02/24,,,read,"Igrom sudbine, za dobro ili za zlo, naleteh pre čitanja knjige na diskusiju o verodostojnosti priče o Don Huanu i na viđenje da je Kastaneda svoje doživljaje izmislio. Tako sam ušao u knjigu ne smatrajući je za priručnik, kako je reklamirana od strane autora i izdavača, već sam odlučio da sam izvedem zaključke tokom čitanja trudeći se da budem koliko je to moguće otvorenog uma. <br/><br/>Završni student antropologije upoznaje starog indijanskog mistika iz plemena Jaki i odlazi kod njega na učenje kroz lično iskustvo o različitim ritualima i halucinogenim biljkama, sve to isprepleteno sa životnim lekcijama koje dobija. Kliše. <br/><br/>Da je lik Don Huana delo literarne fikcije, a živopisne priče plod piščeve mašte u kombinaciji sa rekonstruisanim istraživanjem o drevnim narodima tolteka i bliskih plemena - od tog ubeđenja se ne mogu odvojiti. Uverenje imam ne zato što odbijam da poverujem da u izmenjenim stanjima svesti može da se doživi privremena metamorfoza u kakvu životinju ili zato što ne verujem da nas zli demoni mogu prigrabiti kada smo ranjivi ili se igramo sa granicama stvarnosti. Jednostavno sam takav utisak stekao upoznajući autora kroz njegove beleške. <br/><br/>Kao neko ko je uvek voljan da uči o drevnim šamanskim tradicijama, poželeo sam mi se knjiga svidi i da prođem kroz ceo serijal. Ali s obzirom da je autor iznosio laži u knjizi, da nije vršio istraživanja na terenu, da Don Huan nije postojao i da tradicija Jaki naroda nije verodostojno prikazana u knjizi, rastajemo se ovde i odmah. <br/><br/>Autor deluje kao izuzetno egoistična osoba, inteligentna dovoljno da zavede lakoverne entuzijaste željne nju ejdž duhovnosti. Čitajući knjigu imam utisak da je piše osoba koja je izgubila dušu i koja nema ljudskosti u sebi. Kako onda uzeti njene savete za ozbiljno? Sama učenja, makar u ovoj prvoj knjizi, su izrazito prizemna, detinjasta i lišena dubine, srži i supstance. To je možda baš ono što je trebalo hipi pokretu 60-ih godina. <br/><br/>Silni eksperimenti sa halucinogenim biljkama deluju kao beskorisni ego tripovi, a ne kao rituali koji imaju za svrhu da se dobije uvid u neki realan problem. Autor u više navrata navodno jedva i igrom slučaja preživljava napad u ""alternativnoj"" realnosti (čitaj: stanju halucinacije) dok njegov vodič, stari šaman, dopušta da se to desi pa ga čak i podstiče. Konstantno mu puni glavu horor pričama i ostavlja ga na cedilu. U jednom trenutku je autoru ukradena duša?! Sve me to navodi da je ovo (ne)vešto osmišljena konstrukcija zarad ličnog interesa, a ne da bi se prenelo znanje koje će koristiti čovečanstvu. Rad obmani sklonog duhovnog šarlatana lišenog ikakve istinske poniznosti. <br/><br/>Njegovo ponašanje je u suprotnosti sa učenjem koje je propovedao. Njegovi spisi su samo naneli štetu istinskom duhu šamanskog naroda i njegove tradicije. <br/><br/>Ako uzmemo za gotovo da je priča izmišljena, što se sve više potvrđuje kao činjenica, ima li bar neku literarnu vrednost? Ne. Poneki delovi su bili bizarno zamišljeni i interesantni. Ispričana je kao sekvenca halucinogenih tripova, u formi dnevnika koji podseća na pisanije nenadarenog tinejdžera pod uticajem opijata. Forma je sledeća: Kastaneda uzme učešće u nekoj ceremoniji sa bizarnim rezultatima, nakon čega, sablažnjen, istraumiran počne postavljati gomilu glupavih pitanja Don Huanu (i on i ja smo iziritirani naratorom) na koje ovaj ili ne odgovori ili odgovori površno, iz čega ništa korisno ne proizilazi. I tako u krug. Narator ništa nije naučio iz svojih ""putovanja"" osim najprostijih aspekata. Knjiga nema filozofsku, duhovnu niti literarnu vrednost. Naprotiv, može jedino biti opasna. <br/><br/>Poslednji deo knjige, koji se sastoji iz autorovog tužnog, pseudonaučnog pokušaja da pronađe smisao u tim iskustvima i predstavi ga čitaocima, ne završih do kraja. Zaključke mogu i sam da izvedem. ",,,1,0
15853780,Narcis i Zlatousti,Hermann Hesse,"Hesse, Hermann",Bojana Zeljko-Lipovšćak,"=""953623436X""","=""""",5,4.22,Zagrebačka naklada,Paperback,288,1997,1930,,2023/12/01,,,read,"Nakon više od decenije se vratih ovoj genijalštini od romana i ovaj put me je još jače prodrmao. <br/><br/>Knjiga je smeštena u Nemačku u srednji vek, pre svega u jednom manastiru a potom i na putevima koji vode našeg protagonistu. Ovo je knjiga o dva prijatelja koji su sušta suprotnost i koji pokušavaju da uvide perspektivu onog drugog. Narcis je mislilac i asketa, Zlatousti je impulsivan i prati svoja osećanja. <br/><br/>Počinje tako što otac dovodi Zlatoustog u manastir kako bi tu završio školu i posvetio život služenju bogu. Majka je odbegla dok je još bio dečak i on je potisnuo sećanje na nju, ali ono polako počinje da provejava i vraća mu se u pojedinim momentima (i isprepleteno je sa slikom o pramajci, bogorodici). Kompleks majke (o kojoj je slušao samo najgore stvari i čije je grehe bio određen da okajava) vidi se naročito kroz iskustva sa ženama i kroz njegovu neiscrpnu potrebu za sladostrasnim, ljubavnim avanturama.<br/><br/>Misaona sprega izmedju Narcisa i Zlatoustog nikad se ne prekida, pa ni kada jedan luta po svetu, a drugi služi u manastiru. Da li su mnogobrojne avanture kojima se prepuštamo uzaludne i život protraćen? Da li su ljubavne strasti jeftine i nastrane ili mogu voditi ka određenom saznanju o istinskoj ljubavi? Kako čulna iskustva mogu probuditi umetnika u čoveku? I sa druge strane, da li uzdžavanje od čulnih iskustava ograničava čovekov potencijal da se potpuno duhovno ostvari? To su neka pitanja koja se postavljaju u romanu. Na divan način je prikazano kako se formira ličnost kroz iskustva koja biramo.<br/><br/><blockquote><i>""Da, besumnje će i ovaj bol, i ovaj gorki jad ostareti i umoriti se, i njih će on zaboraviti. Ništa nije postojano, pa ni patnja.""</i></blockquote><br/>Knjiga prvenstveno prati Zlatoustov život (raskalašni lutalica slobodnog duha, nezadrživ u jednom mestu), a manje Narcisa (uzvišen, pomalo ohol, asketa, mudar i intuitivan) - tako da znate šta da očekujete. Ako ste više tip koji misli (mbti), onda vas knjiga verovatno neće oduševiti iako vam i dalje može biti interesantna. Ako ste više tip koji oseća, onda će ova knjiga proizvesti jedno bolno i prelepo iskustvo. Mene je oduvala i razbila. Knjiga prepuna bolnog naboja, na momente brutalna, ispričana kroz iskustva čoveka koji jedino zna da se potpuno preda svojim osećanjima. Svaka rečenica je poetski nadahnuta i živa, bilo da su to opisi prirode, manastira, opisi sela i ljudi sravnjenih kugom, opisi kipova i umetničkih dela, opisi ljubavnog zanosa... <br/><br/>Hese istražuje odnos izmedju duha, odricanja, viših ideala s jedne strane i ljubavi, slobodnog duha, odavanja grehovima s druge strane. Odnos između nauke i umetnosti, formula i živih slika. Sta je vrednije za postizanje duhovnog uzdizanja - da li umetnička dela koja se opiru zubu vremena, ili logičko zaključivanje i misaoni tokovi.<br/><br/><blockquote><i>""Žena po kojoj je majstor oblikovao svoju lepu Madonu možda je već uvela ili mrtva, a uskoro će i on umreti, drugi će stanovati u njegovom domu, drugi će jesti za njegovim stolom - ali njegovo delo će ostati, u tihoj manastirskoj crkvi će se belasati još i posle stotinu godina i mnogo duže, i ostaće večno lepo, i večno će se osmehivati istim ustima, koliko bujno rascvalim toliko i setnim.""</i></blockquote> <br/>Iako je radnja koja vodi knjigu interesantna i živopisna, njena primarna nit je u filozofiji i potrazi za smislom koju protagonista traži analizirajući svoju sudbinu i događaje i ono što mu razigrava srce. <br/><br/>Bila je jedna od omiljenih knjiga nakon davnog, prvog čitanja, a sad je verovatno zauzela prvo mesto. <br/><br/><b>4.75/5</b>",,,2,0
25744928,Deep Work: Rules for Focused Success in a Distracted World,Cal Newport,"Newport, Cal",,"=""1455586692""","=""9781455586691""",1,4.16,Grand Central Publishing,Hardcover,296,2016,2016,,2024/02/11,did-not-finish,did-not-finish (#1),did-not-finish,"Already in the introduction of the book I realized it was going to be a big letdown but I stuck with it one third of the way hoping at least something valuable will come out of it, but in was all in vain. How this is considered one of the essential self-help books is beyond me. <br/><br/>What should have been a quick blog post was turned into a 300-page book, so the concepts are being repeated constantly and are even clashing together. The examples used to illustrate the points are poorly chosen and not convincing and the concepts even though advertised as groundbreaking and innovative are nothing new and have already been around. <br/><br/>The main idea of the book is that long periods of deep uninterrupted work, free from social media, replying to messages, done in an isolated environment lead to the most productive work. It is valid but it doesn't apply to many people and their situations. Not everyone can disregard emails by the end of the day. Not everyone has the mansion in the middle of woods like Carl Jung and can work from there, nor it should be necessary for meaningful results. <br/><br/>The author is just throwing in a compilation of random people and commenting on their work in a hearsay manner, with no original research of any kind or an original thought. If we are really talking about shallow work - then the best example would be the writing of this book. The irony. <br/><br/><b>1.5/5</b>",,,0,0
25789,The Book of Five Rings,Miyamoto Musashi,"Musashi, Miyamoto",Thomas Cleary,"=""1590302486""","=""9781590302484""",0,3.95,Shambhala Pubns,Paperback,166,2005,1645,,2024/02/21,to-read,to-read (#41),to-read,,,,0,0
1016881,Daphnis and Chloe,Longus,"Longus, Longus",Paul  Turner,"=""""","=""""",0,3.80,Penguin Classics,Paperback,128,1989,150,,2024/02/21,to-read,to-read (#40),to-read,,,,0,0
2187764,Knulp: Three Tales from the Life of Knulp,Hermann Hesse,"Hesse, Hermann",,"=""0374182167""","=""9780374182168""",0,3.87,Farrar Straus & Giroux (NY),Hardcover,114,1971,1915,,2024/02/21,to-read,to-read (#39),to-read,,,,0,0
6514,The Bell Jar,Sylvia Plath,"Plath, Sylvia",,"=""0571268862""","=""9780571268863""",4,4.05,Harper Perennial Modern Classics,Paperback,294,2006,1963,2024/02/12,2023/12/01,,,read,,,,1,0
98956,Omon Ra,Victor Pelevin,"Pelevin, Victor",Andrew Bromfield,"=""0811213641""","=""9780811213646""",4,3.91,New Directions,Paperback,154,1998,1992,2024/02/16,2024/02/13,,,read,"Omon Ra je knjiga o odrastanju jednog momka u sovjetskom savezu 60-ih godina prošlog veka. On je od malih nogu maštao da bude kosmonaut i putuje na mesec, pre svega jer ga je gušio užasan sistem u sovjetskoj Rusiji i ovo je video kao jedini način bekstva. <br/><br/>To je doba svemirske trke gde su se svi naticali ko će pre da ""otputuje na mesec"" a sam roman je satira i alegorija koja podiže zavesu iza svemirskog programa otkrivajući šta se tamo zapravo događa i raskrinkava podao politički sistem koji žrtvuje pojedince zarad sopstvenih interesa. <br/><br/>Prvi deo romana (cela knjiga ima 137 strana) nas hronološki vodi kroz Omonovo detinjstvo, kroz primere iz života pokazuje kako se zaljubio u mesec i njegov odlazak u školu za pilote zajedno sa drugom iz detinjstva.<br/><br/>Iz škole (koja prevashodno priprema pilote za eventualna ratna dejstvovanja) Omon biva izabran od strane KGB da se priključi tajnom programu letenja na mesec. Cilj misije je slanje poruke u svet i pre svega amerikancima o tehnološkoj i naučnoj superiornosti. Ovde on već počinje da uviđa manipulacije kojima se služi ruska svemirska agencija i zazire od zahteva koji se pred njega iznose. Shvata da oni njega vide kao samo još jednu mašinu i njegov život im nije vredan. <br/><br/>Zajedno sa još šest kolega koji su predviđeni da rade na upravljanju šatlom i otpuštanju jednog po jednog dela broda tokom leta, Omon provodi mesece u podzemnom skladištu, ne videći svetlost dana, zgrčen unutar lunarnog vozila gde nema mesta ni da se ispravi, a sve to kako bi se fizički i psihički pripremio za let. <br/><br/>Kao što rekoh, roman je satira prepuna crnog humora mada je meni lično bilo više crno nego humorno. Jedna od mnogih apsurdnih stvari je da se od pilota polaznika traži da im se amputiraju stopala?! - proisteklo je iz priče o jednom pilotu-heroju koji je tokom rata izgubio obe noge, preživeo i vratio se uspešno letenju sa bioničkim stopalima. Uvredljivo je čak i posumnjati u smislenost ovog zahteva.<br/><br/>Omon shvata da je putovanje na mesec karta u jednom smeru. Kao dečak bio je pun entuzijazma i idealizovao je svemirsko istraživanje kao način da pomogne domovini, postane heroj, ali i pobegne od svakodnevnog teškog života. Prostranstvo svemira simbol je slobode. Ali što više upoznaje kako sve funkcioniše i manipulacije sistema tako mu se i iluzije razbijaju i postaju više nalik noćnoj mori. <br/><br/>Ovo je prvi Peljevinov roman objavljen odmah po raspadu SSSR-a. Naravno ovako nešto bi bilo zabranjeno i spaljivano da je pisano nekoliko decenija unazad. Tema Lenjina je upletena u priču kao simboličan prikaz vlasti koja i dalje iskorišćava sovjetsku ideologiju kao način da se vrši ispiranje mozga i kontrola nad narodnim masama.<br/><br/>Stil pisanja je solidan, ali ne naročito spektakularan. Element koji se provlači pored satire i crnog humora je filozofsko razmišljanje. Priča obiluje time, ali filozofske teme su nekako nabacane, nedovršene, van konteksta. Tu su pitanja o prirodi stvarnosti, ličnom identitetu, reinkarnaciji, potrazi za smislom... <br/><br/><blockquote><i>""I ja i ceo ovaj svet samo smo nečija misao.""</blockquote></i><br/><blockquote><i>""Kako sam mogao znati da ono najbolje u životu uvek vidiš tek krajičkom oka?""</blockquote></i><br/>Likovi, uključujući i protagonistu su nedovoljno razvijeni. Sama ideja knjige je interesantna ali pomalo nespretno izvedena. Na kraju imamo i veliki zaokret koji na efektan način zaokružuje sve zaključke koji su se nazirali. <br/><br/><b>3.75/5</b>",,,1,0
12085729,Pisma iz Italije,Ljubomir Nenadović,"Nenadović, Ljubomir",,"=""""","=""""",0,4.16,Srpska književna zadruga,Hardcover,156,1907,,,2024/02/17,to-read,to-read (#38),to-read,,,,0,0
34457061,Eneida,Virgil,"Virgil, Virgil",Marjanca Pakiž,"=""""","=""9788686525574""",0,3.87,"Fedon, Beograd",Hardcover,580,2014,-19,,2024/02/17,to-read,to-read (#37),to-read,,,,0,0
13,"The Ultimate Hitchhiker’s Guide to the Galaxy (Hitchhiker's Guide to the Galaxy, #1-5)",Douglas Adams,"Adams, Douglas",,"=""0345453743""","=""9780345453747""",0,4.38,Del Rey Books,Paperback,815,2002,1996,,2024/02/15,to-read,to-read (#36),to-read,,,,0,0
7201449,Buka i bes,William Faulkner,"Faulkner, William",,"=""8674460291""","=""""",0,3.86,"Novosti, Beograd",Hardcover,317,2004,1929,,2024/02/15,to-read,to-read (#35),to-read,,,,0,0
23466118,Čovek koji se smeje,Victor Hugo,"Hugo, Victor",Dušan Z. Milačić,"=""8684807707""","=""9788684807702""",0,4.24,Ukronija,Paperback,459,2012,1869,,2024/02/15,to-read,to-read (#34),to-read,,,,0,0
34743039,Biblioteka Nag Hamadi,Unknown Nag Hammadi,"Hammadi, Unknown Nag","James M. Robinson, Ivanka Andrejević, Vladimir Madić","=""8673481937""","=""9788673481937""",0,4.23,Esotheria,Paperback,230,2005,400,,2024/02/15,to-read,to-read (#33),to-read,,,,0,0
10031966,Orkanski visovi,Emily Brontë,"Brontë, Emily",Zora Minderović,"=""""","=""""",4,3.90,Narodna knjiga Beograd,Hardcover,463,1953,1847,2024/01/25,2024/01/20,,,read,"Wuthering Heights is not just a love tale but much more an exploration of the dark and buried aspects of human nature. If you come to it with a certain, misguided expectations, it will be that much harder to accept it for what it is. <br/><br/>It seems that people are divided into three camps when it comes to their stance on this book:<br/>- Those who hate it passionately from the depths of their soul.<br/>- Those who adore it.<br/>- Those in a love-hate relationship with it. <br/>I find myself mostly in the latter. This is a story of obsession that becomes so strong it grips the characters and clouds their minds, imprisoning them in a state of everlasting despair. If love turns into all-consuming obsession, was it love in the first place? Or an unhealthy attachment that stems from childhood traumas, a desire to defy families, vanity... <br/><br/>Cathy is a spoiled lady who is used to always having her way and she stops at nothing to reach her goal and Heathcliff is someone who was abused and ridiculed throughout his childhood - he accepted it stoically, but built in his mind the overwhelming need for utter revenge. They were the product of their environment, both diabolical in nature and so they connect on a soul level, but there was not enough sanity between them to fight through the challenges that followed - instead they evoke the worst in them. <br/><br/><blockquote><i>“He's more myself than I am. Whatever our souls are made of, his and mine are the same.”</i></blockquote><br/>I must give credit to Emily for creating such a demonic character that was hard to sympathize with even though it was tragic. It's incredible, the powerful aura emanating from him could be felt outside of the papers of the book. My blood was boiling, and in moments of fury, I found myself daydreaming about tearing and throwing the book. It stirred emotions akin to hatred that I thought were long gone. <br/><br/>It kept me reading long at night, in the hopes of some positive character development, someone gathering the courage to resist, and others facing conscience and justice. Alas, no personal growth; everyone remains steadfast in their foolish stubbornness. <br/>Since I expected a love story, I was unsure what would unfold in the second half of the book, but it turned out to be more interesting.<br/><br/>No character was entirely positive, and no matter how hard I tried to root for some of them, they continually irked me with their foolishness, arrogance, naivety, chasing after bad-boy types, and timidity... The only glimmer of hope is the young couple at the end who somewhat rose above the madness of the place and started turning things in a positive direction. This completely changed my overall impression of the book because I could finally breathe a sigh of relief. Cathy 2 and Hareton had enough positive qualities to soften me at least a bit.<br/><br/>The housemaid narrating the story, while seemingly a kind woman, too often allowed situations to spiral out of control, putting the lives of those she cared for in jeopardy. She is not as innocent as she presents herself in the story.<br/><br/>I like having at least one character who is noble and for whom I can cheer, so I often found myself in agony here. If her intention was to portray what happens when we succumb to blinding, toxic obsession and a desire for revenge—that leads to complete moral degradation and a living hell, like Dorian Gray—then Emily certainly succeeded. Characters, under the guise of love, commit terrible deeds. Their actions speak louder than words.<br/><br/><blockquote><i>""He began to pace the room, muttering terrible things to himself, till I was inclined to believe, as he said Joseph did, that conscience had turned his heart to an earthly hell.""</blockquote><br/>More than anything, I appreciate the setting—the descriptions of the houses and landscapes,, moors, winds and darkness—the gothic nature of the place. Although more time could have been spent on it, Emily likely wanted the focus to be on the two accursed houses where the characters were imprisoned. It's a grey, dystopian place where depression is an everyday occurrence, isolated, governed by different laws, and two families tragically entwined.<br/><br/>Emily Brontë's writing stands out for its ability to evoke powerful emotions, create a haunting atmosphere, and explore complex characters and relationships. The use of multiple narrators and an unpredictable narrative structure adds depth to the storytelling. The novel's enduring appeal is, in no small part, due to the masterful way with which Brontë crafted her story.<br/><br/>The young author boldly delved into creating morally ambiguous characters and antiheroes that still stand out in the literary world, writing such a novel that was unthinkable at the time. It's so depressing that I'm not surprised she didn't live long after. A book so unique in its horror and awfulness.""<br/><br/><b>4.25/5 stars</b>",,,1,0
53447,El túnel,Ernesto Sabato,"Sabato, Ernesto",Nino Pipia,"=""9871144261""","=""9789871144266""",5,4.02,Booket,Paperback,158,2003,1948,2024/01/04,2023/12/01,,,read,"A psychological masterpiece that dives into the mind of an obsessive artist who becomes increasingly consumed by his thoughts. The opening line of the novel tells us everything we need to know out of the gate:<br/><br/><blockquote><i>""It should be sufficient to say that I am Juan Pablo Castel, the painter who killed Maria Iribarne. I imagine that the trial is still in everyone’s mind and that no further information about myself is necessary.""</i></blockquote><br/><br/>Now, setting aside the certainty of the epilogue, the reader engages not to discover what will unfold but to delve into the intricacies leading to this inevitable tragic end. It is certainly one of the more interesting book beginnings out there and resembles the Dostoyevsky's Notes from the Underground, which starts with <i>""I am a sick man. ... I am a spiteful man. I am an unattractive man. I believe my liver is diseased.""</i> From what I understand, Sábato was indeed influenced by this Russian classic and it can be noticed in a few ways:<br/>- Both books are told from the first person perspective and both protagonists are unreliable narrators. You can't trust them because we only get to see their point of view, and they are prone to deception and mind games.<br/>- Both protagonists are letting their mind drive them into twisted, pathological obsession and madness.<br/><br/>Huan Pablo first sees Maria at his exhibition where he notices her hypnotized by the detail in his painting that everyone else seems to overlook. No one found importance in that minor detail behind the main subject. (It showed the girl looking through the window at the beach).<br/><br/>But that small scene meant everything to Huan Pablo - it's where he has put all his heart and his destiny in. Perhaps seeking somebody out there who would understand him, someone who would recognize him on a deep level because he felt like a complete outcast. His obsession with Maria begins the moment he sees her pulled into this small window of his soul and for the rest of the novel all his thoughts are about her.<br/><br/>When a person becomes obsessed with something it has the tendency to drive them insane. Especially with people who are already mentally unstable. Constantly overthinking and imagining worst possible scenarios gets even more chaotic when love is the source of obsession. It's a sure way to hell especially when the person obsessing is an aggressive one demanding answers and acting as the world revolves around them.<br/><br/>Maria does not help keeping the painter's mind at ease. At one moment she is caring and seductive with him, but soon after she is cold and detached. She plays with his emotions as if on purpose. It is a small insight into her character that we get. She might enjoy torturing him or maybe crave being the victim of his madness. Her actions may be driven by a desire for attention and personal insecurities, a need for control or a desire for emotional intensity.<br/><br/><blockquote><i>“The hardness in her eyes and face disturbed me. 'Why is she so cold?' I asked myself. 'Why?' Perhaps she sensed my anxiety, my hunger to communicate, because for an instant her expression softened, and she seemed to offer a bridge between us. But I felt that it was a temporary and fragile bridge swaying high above an abyss.”</i></blockquote><br/><br/>Sábato was a renowned physicist who turned to writing and painting at the second stage of his life. He was only 2 months away from his 100th birthday when he died. It's interesting that the name of the protagonist - Castel - means Castle; symbolically he was far from being strong and sturdy but on the other hand it might convey a sense of isolation and self-imposed imprisonment.<br/><br/>The story is beautifully written, captivating and keeps you engaged even though you know how it ends. It is a philosophical and literary exploration - intense and uncomfortable, a story that you feel with your heart, mind and stomach. It's not a pleasurable read but it's a great reading experience. 4.5/5",,,1,0
34471248,Zamak,Franz Kafka,"Kafka, Franz",Predrag Milojević,"=""8644706861""","=""9788644706861""",4,3.91,Plato,Paperback,375,2016,1926,2024/01/18,2024/01/11,,,read,"A word of warning to everyone who wants to enter Kafka's Castle -  it will grind you and suck the strength out of you just like it did with our protagonist. But if you are one of those who like to test their nerves and their sanity, you may try climbing this mountain.<br/><br/>First of all, let me mention that it ends in the middle of the paragraph, abruptly, and so it doesn't have a clear ending. It is Kafka's last novel, so perhaps illness or death prevented him from finishing it.<br/><br/>The protagonist is K, a land surveyor who comes to work in a remote village on a mountain on top of which is a mysterious, inscrutable castle. It is a dark, otherworldly place where daylight lasts only for a few hours and winter reigns almost all the time. The problem arises immediately because the K is informed that they (castle officials) have not made any request to hire the surveyor. And so K tries in every way to reach the authorities who can help him.<br/><br/><blockquote><i>“Of course I'm ignorant, that remains true at all events and is extremely distressing for me, but it does have the advantage that the ignorant man dares more, so I shall gladly put up with ignorance and its undoubtedly dire consequences for a while, as long as my strength lasts.”</i></blockquote><br/>It can be interpreted in several ways, but it is inevitable that it is a picture of a rotten bureaucratic system that has spread in its inefficiency, unfairness, so every attempt by a person to find a solution to their problem, to find the way in that labyrinth of offices and officials, seems impossible and hopeless. The castle as a symbol of the inscrutability of higher authorities or maybe something else, who will know it.<br/><br/>The book has very little plot, all the focus is on the conversations that K has with the villagers He tries to portray himself as self-assured person convinced of a positive outcome, while everyone tries to tell him that he has no clue about the way things actually are. People in the village are scared and used to the system that the thought of going against it never crosses their mind. <br/><br/>Those back-and-forth conversations are mostly absurd, petty and pointless, it is excruciatingly difficult to find logic and meaning in them. Behavior of the characters is at times so crazy that it becomes comical. The whole novel is on the intersection of absurdity, comedy and tragedy. <br/><br/>K wants to fit in with the new environment, he desperately tries to make friends with the locals. But deep down he feels like he doesn't belong, not with elite nor with the villagers. All his efforts to be recognized as a deserving member of the community seem hopeless. He is surrounded with odd, unhelpful, distracting characters. Few do try to get close to him, but are they just using him for their own agenda? You cannot but draw a parallel with Kafka's personal life here. But K is not innocent and perfect either - he acts poorly towards those he thinks are beneath him so he can send a message of holding power, he neglects his love interests and is so stubborn in his thinking that he fails to really listen to others. <br/><br/><blockquote><i>“You misinterpret everything, even the silence.”</i></blockquote><br/>If I wasn't determined to read this, I would certainly have given up on the book more than once. It drove me crazy time and time again.<br/><br/>Now, as I try to shake up from the exhaustion the book inflicted, I realize here also lies the value of this classic. Because we as readers feel as hopeless, crushed and stupid as the protagonist feels in the jaws of a brutal and unfair system. In this sense, Kafka completely conveys the feeling to the reader. The topic so bleak couldn't have been portrayed in a more relatable way. It's not like we haven't felt that system on our skin. Symbols and metaphors are countless.<br/><br/>It was for the most part a feeling of extreme disbelief while reading, that for a moment turns into something enjoyable that quickly vanishes again. Would it have a happy ending if it was finished? I doubt it whole<br/><br/><blockquote><i>“I dream of a grave, deep and narrow, where we could clasp each other in our arms as with clamps, and I would hide my face in you and you would hide your face in me, and nobody would ever see us any more”</i></blockquote><br/>If you haven't read any Kafka, stay away from The Castle for a while. There is Metamorphosis and many other beautiful short stories to check out. And if you develop a tolerance and want to inflict some pain on yourself, then you can try this too. It won't be a pleasant experience but maybe, just maybe, it leaves you with a good feeling and a stronger character after some time is passed.<br/><br/><b>3.75/5 stars</b><br/>",,,1,0
329866,The Dream of a Ridiculous Man,Fyodor Dostoevsky,"Dostoevsky, Fyodor",Fyodor Dostoyevsky,"=""1419160222""","=""9781419160226""",5,4.03,Kessinger Publishing,Paperback,32,2004,1877,2024/01/14,2024/01/14,,,read,,,,1,0
25812875,Misterije,Knut Hamsun,"Hamsun, Knut",,"=""""","=""""",0,4.02,Mono & Manjana,Unknown Binding,,2001,1892,,2024/01/13,to-read,to-read (#32),to-read,,,,0,0
18458101,O junacima i grobovima,Ernesto Sabato,"Sabato, Ernesto",,"=""8644705717""","=""9788644705710""",0,4.26,Plato books,Paperback,561,2012,1961,,2024/01/13,to-read,to-read (#31),to-read,,,,0,0
19442440,Lužinova odbrana,Vladimir Nabokov,"Nabokov, Vladimir",,"=""""","=""9788683635795""",0,3.94,NNK international,Paperback,268,2009,1929,,2024/01/13,to-read,to-read (#30),to-read,,,,0,0
30597,The Hunchback of Notre-Dame,Victor Hugo,"Hugo, Victor","Walter J. Cobb, Lucie Konvičková","=""0451527887""","=""9780451527882""",5,4.02,Signet Classics,Paperback,510,2001,1831,2024/01/11,2023/11/30,,,read,"Are you ready to step into the mesmerizing world of Victor Hugo? - To navigate through the labyrinth of Paris' streets, enter the heart of Notre Dame, and unravel the complex characters within?<br/><br/>The book is as dense and rich in content as it can possibly be. It is so detailed that you will gain a complete impression of French society, art, and architecture in the 15th century. <br/><br/>In its descriptions of society of that time, it sometimes goes on tangents that have little connection to the main plot. It can be frustrating on one hand, but on the other, all these pieces of information are valuable; a complete picture is painted. For example, two consecutive chapters describe first the cathedral and then the city of Paris in detail, spanning over 50 pages. Such parts can be skimmed, and the flow of the main story won't be lost.<br/><br/>The book is written with the intention to try to preserve art, architecture, everything that is valuable, or to depict its decline. It likely had an impact on preserving the cathedral to this day. The story takes place during the period when the Gothic style is disappearing, replaced by the Renaissance. Through architecture, people expressed themselves; it was a reflection of societal consciousness (""architecture is the precursor to the book"" and ""printing will kill architecture"" are motives explored in one of the chapters). Then everything began to crumble, the old and valuable replaced by the new and uninspired. In a way, Hugo foresaw the fall of architecture to the state we have today. <br/><br/><blockquote><i>“The greatest products of architecture are less the works of individuals than of society; rather the offspring of a nation's effort, than the inspired flash of a man of genius...”</i></blockquote><br/>There are several characters who can be considered protagonists, depending on the perspective. And they are all corrupt, gullible, or in another way imperfect. It's an honest critique of society. At some point, you get the impression that the cathedral and Paris are also among the characters.<br/><br/>You've probably seen Disney's movie; the book also has elements of fairy tale, but much darker, the plot is very entertaining. There is also a lot of dark humor. Priests, judges, officials, poets, philosophers, beggars, and robbers are all mocked, portrayed grotesquely to intensify the impression.<br/><br/><blockquote><i>“Excess of grief, like excess of joy is a violent thing which lasts but a short time. The heart of man cannot remain long in one extremity.”</i></blockquote><br/>The main problem lies in fact that it's so rich in meaningful content- it can be overwhelming and requires breaks and reflections, which makes it a pretty slow read, especially in the beginning. Some parts span too long and some descriptions are probably not necessary. It's intellectual, full of lucid expressions, rich language, Latin phrases, very skillfully written.<br/><br/>At first glance, it's a fairy tale, a comical picture of the conditions at that time. On the other hand, it's a critique of society, an essay on art, full of beautiful, philosophical thoughts.<br/>I dare not to recommend something this grandiose as it requires the reader to put in effort and exercise his patience sometimes. But if it intrigues you, I think you won't regret picking it up. 4.5/5.",,,1,0
15739646,Gubitnik,Thomas Bernhard,"Bernhard, Thomas",Zlatko Krasni,"=""8679580481""","=""9788679580481""",0,4.02,Lom,Paperback,142,2011,1983,,2024/01/07,to-read,to-read (#29),to-read,,,,0,0
32809625,Razgovori: Borhes - Sabato,Jorge Luis Borges,"Borges, Jorge Luis","Ernesto Sabato, Orlando Barone, Đurđina Matić","=""8636701287""","=""9788636701287""",0,4.30,Dečje novine,Hardcover,182,1988,1976,,2024/01/06,to-read,to-read (#28),to-read,,,,0,0
23403340,Viktorija : povest jedne ljubavi : roman,Knut Hamsun,"Hamsun, Knut",,"=""8679580880""","=""9788679580887""",4,3.76,LOM,Paperback,121,2014,1898,2024/01/06,2023/12/22,,,read,,,,1,0
8558583,Klanica pet ili dečiji krstaški rat,Kurt Vonnegut Jr.,"Jr., Kurt Vonnegut",Branko Vučićević,"=""8633103699""","=""9788633103695""",0,4.10,Narodna knjiga,Hardcover,198,2001,1969,,2023/12/31,to-read,to-read (#28),to-read,,,,0,0
12052262,Pseće srce,Mikhail Bulgakov,"Bulgakov, Mikhail",Dajić Putnik,"=""8679580007""","=""9788679580009""",5,4.08,LOM,Paperback,126,2008,1925,2023/12/30,2023/12/30,,,read,,,,1,0
53121631,Underland: A Deep Time Journey,Robert Macfarlane,"Macfarlane, Robert",,"=""0393358097""","=""9780393358094""",0,4.23,W. W. Norton & Company,Paperback,496,2020,2019,,2023/12/22,to-read,to-read (#27),to-read,,,,0,0
16283141,Pod jesenjom zvezdom,Knut Hamsun,"Hamsun, Knut",,"=""8683499863""","=""9788683499861""",0,3.80,L.O.M.,Paperback,253,2006,1906,,2023/12/22,to-read,to-read (#26),to-read,,,,0,0
93157,The Monk,Matthew Gregory Lewis,"Lewis, Matthew Gregory",,"=""0140436030""","=""9780140436037""",0,3.86,Penguin Classics,Paperback,385,1998,1796,,2023/12/22,to-read,to-read (#25),to-read,,,,0,0
1953,A Tale of Two Cities,Charles Dickens,"Dickens, Charles",,"=""0141439602""","=""9780141439600""",0,3.88,Penguin Books,Paperback,489,2003,1859,,2023/12/22,to-read,to-read (#24),to-read,,,,0,0
88340,Letters to Milena,Franz Kafka,"Kafka, Franz","Philip Boehm, Aarno Peromies, Milena Jesenská","=""0805208852""","=""9780805208856""",0,3.92,Schocken,Paperback,298,1990,1952,,2023/12/22,to-read,to-read (#23),to-read,,,,0,0
32590,Pan,Knut Hamsun,"Hamsun, Knut",Sverre Lyngstad,"=""0141180676""","=""9780141180670""",5,3.83,Penguin Publishing Group,Paperback,181,1998,1894,2023/12/22,2023/12/10,,,read,"Rarely does a book devour me like it happened with Pan, from start to finish I couldn't stop reading. It's a fast-paced, digestible but dark love story of two completely opposite people. Set in the far north of Scandinavia, in a beautiful natural landscape, it portrays a clash of nature and society.<br/><br/>Like the most gifted poet, Hamsun paints a beautiful picture of interconnectedness with nature, being in tune with everything around us, but also about wild, untamed spirits and how our personal hells destroy our chance of happiness. <br/><br/>It's wild how little it takes for people to fall hopelessly in love with each other, and how quickly it happens that this love drives them insane when the differences between them come to the surface as well as their inner madness. <br/><br/>How quickly the mood shifts in this book, even in the same sentence or few brief moments. But all the way throughout I had a painful feeling in my heart because the story felt so very real. 4.5/5 stars.",,,1,0
4671,The Great Gatsby,F. Scott Fitzgerald,"Fitzgerald, F. Scott",,"=""0743273567""","=""9780743273565""",3,3.93,Scribner,Paperback,180,1925,1925,2023/11/25,2023/12/01,,,read,,,,1,0
11297,Norwegian Wood,Haruki Murakami,"Murakami, Haruki",Jay Rubin,"=""""","=""""",4,3.99,Vintage Books,Paperback,296,2000,1987,2023/11/13,2023/12/01,,,read,,,,1,0
2195464,What I Talk About When I Talk About Running,Haruki Murakami,"Murakami, Haruki",Philip Gabriel,"=""""","=""""",4,3.87,Knopf Publishing Group,Hardcover,188,2008,2007,2023/11/06,2023/12/01,,,read,,,,1,0
49455,Notes from Underground,Fyodor Dostoevsky,"Dostoevsky, Fyodor","Richard Pevear, Larissa Volokhonsky, Donald Fanger","=""067973452X""","=""9780679734529""",4,4.17,Vintage Classics,Paperback,136,1994,1864,2023/12/18,2023/12/16,,,read,"Actions of the story's (anti)hero without a name will make your blood boil. A deeply flawed human being prone to jealousy, hate and both superiority and inferiority complex.<br/>You can't even trust his words because of the obsessive need to come up with distorted versions of reality that soothe his ego. <br/>These are all the reasons why you should read this book - because the augmented (at some points even ridiculous) machinations of the protagonist's psychopathic mind may reveal a tiny glimpse of something that resonates deeply in ourselves, that needs healing.<br/>Should we follow our mind or our heart and what happens when we try to intellectualize our way out of an already sick mind? <br/>The book is divided into two parts - the first is a dense, philosophical exploration, the second, which I found much more enjoyable and easier to read is our fallen hero in action and how his misery plays out in the 19th century Russian underground.",,,1,0
11649744,Dablinci,James Joyce,"Joyce, James","Flavio Rigonat, Snežana Bukal, Branka Robertson, Zdenko Višnjić, Borivoj Gerzić","=""868349957X""","=""9788683499571""",3,3.83,L.O.M.,Paperback,209,2005,1914,2023/12/16,2023/12/12,,,read,"Out of a total of 15 unrelated short stories of random characters from Dublin middle class at the start of the 20th century, 2 managed to hold my attention and ended up being good. One (Painful Case) is in the middle and the other (The Dead) at the very end of the book. Apart from these, the short stories are of uninspired, dull characters with plots that are way too simple and day-to-day. I couldn't understand why the author was fascinated by these people. 2.5 stars.",,,1,0
9018860,Deadly Spring ,Lajos Zilahy,"Zilahy, Lajos",,"=""""","=""""",0,4.08,,Hardcover,240,1965,1938,,2023/12/14,to-read,to-read (#22),to-read,,,,0,0
28381,Dead Souls,Nikolai Gogol,"Gogol, Nikolai",Robert A. Maguire,"=""0140448071""","=""9780140448078""",0,3.98,Penguin Classics,Paperback,464,2004,1842,,2023/12/14,to-read,to-read (#21),to-read,,,,0,0
19117,Fathers and Sons,Ivan Turgenev,"Turgenev, Ivan","Jane Costlow, George Reavy","=""""","=""""",0,4.00,Signet,Mass Market Paperback,244,2005,1862,,2023/12/14,to-read,to-read (#20),to-read,,,,0,0
40961230,The Travelling Cat Chronicles,Hiro Arikawa,"Arikawa, Hiro",Philip Gabriel,"=""0735235244""","=""9780735235243""",1,4.33,Viking,Kindle Edition,281,2018,2012,,2023/12/13,,,read,,,,1,0
15840882,Ka svetioniku,Virginia Woolf,"Woolf, Virginia",Zora Minderović,"=""867446033X""","=""9788674460337""",0,3.81,Novosti,Hardcover,222,2004,1927,,2023/12/13,to-read,to-read (#19),to-read,,,,0,0
12468899,Put k Swannu,Marcel Proust,"Proust, Marcel",Zlatko Crnković,"=""9537160157""","=""9789537160159""",0,4.16,Globus media,Hardcover,415,2004,1913,,2023/12/13,to-read,to-read (#18),to-read,,,,0,0
8636265,Niko i ništa u Parizu i Londonu,George Orwell,"Orwell, George",Flavio Rigonat,"=""868349974X""","=""9788683499748""",4,4.09,LOM,Paperback,181,2005,1933,2023/12/11,2023/12/05,,,read,,,,1,0
12468970,Sramota,J.M. Coetzee,"Coetzee, J.M.",Petar Vujačić,"=""9537160203""","=""9789537160203""",0,3.86,Globus media,Hardcover,223,2004,1999,,2023/12/10,to-read,to-read (#17),to-read,,,,0,0
15996967,Zov divljine,Jack London,"London, Jack",,"=""""","=""""",0,3.92,Katarina Zrinska,Hardcover,103,1993,1903,,2023/12/10,to-read,to-read (#16),to-read,,,,0,0
10956043,Šantaram,Gregory David Roberts,"Roberts, Gregory David",Blaga Lazić,"=""8676620709""","=""9788676620708""",0,4.28,Algoritam,Hardcover,759,2008,2003,,2023/12/10,to-read,to-read (#15),to-read,,,,0,0
34461175,Sahranite mi srce kraj Ranjenog kolena: Indijanci o istoriji američkog zapada,Dee Brown,"Brown, Dee",Gordana Velmar-Janković,"=""8676741360""","=""9788676741366""",0,4.26,Otvorena knjiga,Paperback,387,2011,1970,,2023/12/10,to-read,to-read (#14),to-read,,,,0,0
35476,Black Elk Speaks: Being the Life Story of a Holy Man of the Oglala Sioux,John G. Neihardt,"Neihardt, John G.",Black Elk,"=""0803283857""","=""9780803283855""",0,4.12,Bison Books,Paperback,312,2005,1932,,2023/12/10,to-read,to-read (#13),to-read,,,,0,0
22037872,Plodovi zemlje,Knut Hamsun,"Hamsun, Knut",,"=""8679580791""","=""9788679580795""",0,4.22,L.O.M.,Paperback,383,2013,1917,,2023/12/10,to-read,to-read (#12),to-read,,,,0,0
49552,The Stranger,Albert Camus,"Camus, Albert",Matthew  Ward,"=""""","=""""",4,4.03,Vintage International,Paperback,123,1989,1942,,2023/12/10,,,read,,,,1,0
15823480,Anna Karenina,Leo Tolstoy,"Tolstoy, Leo","Aylmer Maude, Louise Maude, Dieter Wellershoff, Bruno Goetz, Lev Tolstoj, Léon Tolstoï","=""0345803922""","=""9780345803924""",5,4.10,Vintage,Paperback,964,2012,1878,,2023/12/10,,,read,,,,1,0
9874278,Lovac u žitu,J.D. Salinger,"Salinger, J.D.",Nikola Kršić,"=""9536178494""","=""9789536178490""",0,3.80,ABC,Hardcover,261,2004,1951,,2023/12/05,to-read,to-read (#11),to-read,,,,0,0
16120121,Portret umetnika u mladosti,James Joyce,"Joyce, James",,"=""8678040149""","=""""",0,3.64,Mono & Manjana,Hardcover,346,2005,1916,,2023/12/05,to-read,to-read (#10),to-read,,,,0,0
21953935,Preobražaj,Franz Kafka,"Kafka, Franz",,"=""""","=""""",5,3.90,Rad,Paperback,118,1964,1915,2023/12/04,2023/12/03,,,read,,,,1,0
32585,Hunger,Knut Hamsun,"Hamsun, Knut",,"=""0486431681""","=""9780486431680""",5,4.04,Dover Publications,Paperback,134,2003,1890,2023/12/03,2023/11/30,,,read,,,,1,0
38500,Women,Charles Bukowski,"Bukowski, Charles",,"=""0061177598""","=""9780061177590""",4,3.80,Ecco,Paperback,291,2007,1978,,2023/12/01,,,read,,,,1,0
17183103,Gospodar muva,William Golding,"Golding, William",Nenad Dropulić,"=""8674366376""","=""9788674366370""",4,3.70,Laguna,Paperback,208,2007,1954,,2023/12/01,,,read,,,,1,0
4008,The Devil and Miss Prym,Paulo Coelho,"Coelho, Paulo","Amanda Hopkinson, Nick Caistor","=""0060527994""","=""9780060527990""",3,3.62,HarperOne,Hardcover,205,2006,2000,,2023/12/01,,,read,,,,1,0
18144590,The Alchemist,Paulo Coelho,"Coelho, Paulo",,"=""0062315005""","=""9780062315007""",3,3.92,HarperOne,Paperback,182,2014,1988,,2023/12/01,,,read,,,,1,0
10827154,Ljubav u doba kolere,Gabriel García Márquez,"Márquez, Gabriel García",Milena Trobozić,"=""8661050286""","=""9788661050282""",3,3.94,Sezam Book,Hardcover,325,2010,1985,,2023/12/01,,,read,,,,1,0
15853797,Stepski vuk,Hermann Hesse,"Hesse, Hermann",Vera Čičin-Šain,"=""9536234203""","=""""",4,4.13,Zagrebačka naklada,Paperback,256,1996,1927,,2023/12/01,,,read,,,,1,0
12469248,Starac i more,Ernest Hemingway,"Hemingway, Ernest",Zlatko Crnković,"=""9537160025""","=""9789537160029""",3,3.81,Globus media,Hardcover,95,2004,1952,,2023/12/01,,,read,,,,1,0
4707988,Lovac na zmajeve,Khaled Hosseini,"Hosseini, Khaled",Nikola Pajvančić,"=""8674365027""","=""9788674365021""",5,4.36,Laguna,Paperback,342,2006,2003,,2023/12/01,,,read,,,,1,0
7203276,Devojka s pomorandžama,Jostein Gaarder,"Gaarder, Jostein",Olga Đorđilović,"=""8661450187""","=""9788661450181""",2,3.91,Geopoetika,Paperback,149,2010,2003,,2023/12/01,,,read,,,,1,0
343,Perfume: The Story of a Murderer,Patrick Süskind,"Süskind, Patrick",John E. Woods,"=""""","=""""",4,4.04,Penguin Books,Paperback,263,1987,1985,,2023/12/01,,,read,,,,1,0
12291050,"Dying to Be Me: My Journey from Cancer, to Near Death, to True Healing",Anita Moorjani,"Moorjani, Anita",,"=""1401937519""","=""9781401937515""",4,4.16,Hay House Inc,Hardcover,191,2012,,,2023/12/01,,,read,,,,1,0
41192051,"E, zabole me",Mark Manson,"Manson, Mark",,"=""865212860X""","=""9788652128600""",3,3.87,Laguna ,Paperback,212,2018,2016,,2023/12/01,,,read,,,,1,0
18668059,The Obstacle Is the Way: The Timeless Art of Turning Trials into Triumph,Ryan Holiday,"Holiday, Ryan",,"=""1591846358""","=""9781591846352""",4,4.15,Portfolio,Hardcover,201,2014,2014,,2023/12/01,,,read,,,,1,0
368593,The 4-Hour Workweek,Timothy Ferriss,"Ferriss, Timothy",,"=""0307353133""","=""9780307353139""",3,3.91,Harmony,ebook,308,2007,2007,,2023/12/01,,,read,,,,1,0
42950194,"Bogati otac, siromašni otac",Robert T. Kiyosaki,"Kiyosaki, Robert T.",Sharon L. Lechter,"=""8682683148""","=""9788682683148""",4,4.09,Finesa,Paperback,212,2016,1997,,2023/12/01,,,read,,,,1,0
90556,"The Biology Of Belief: Unleashing The Power Of Consciousness, Matter And Miracles",Bruce H. Lipton,"Lipton, Bruce H.",,"=""0975991477""","=""9780975991473""",4,4.15,Authors Pub Corp,Hardcover,205,2005,2005,,2023/12/01,,,read,,,,1,0
12466218,Prorok,Kahlil Gibran,"Gibran, Kahlil",Chalíl Džibrán,"=""""","=""""",5,4.23,Vyšehrad,Hardcover,144,2011,1923,,2023/12/01,,,read,,,,1,0
33395458,Slika Dorijana Greja,Oscar Wilde,"Wilde, Oscar",Oskar Vajld,"=""""","=""""",5,4.13,Beoletra,Kindle Edition,181,2016,1890,,2023/12/01,,,read,,,,1,0
28020534,Autobiografija jednog jogija,Paramahansa Yogananda,"Yogananda, Paramahansa",,"=""""","=""""",4,4.25,Babun,Hardcover,399,2005,1946,,2023/12/01,,,read,,,,1,0
597790,The Children of Húrin,J.R.R. Tolkien,"Tolkien, J.R.R.","Christopher Tolkien, Alan  Lee","=""0007246226""","=""9780007246229""",4,4.06,HarperCollins,Hardcover,315,2007,2007,,2023/12/01,,,read,,,,1,0
7203161,Silmarilion,J.R.R. Tolkien,"Tolkien, J.R.R.",Dubravka Popadić-Grebenarović,"=""868158524X""","=""9788681585245""",5,4.03,Esotheria,Paperback,480,1993,1977,,2023/12/01,,,read,,,,1,0
5907,"The Hobbit, or There and Back Again",J.R.R. Tolkien,"Tolkien, J.R.R.","Douglas A. Anderson, Michael Hague, Jemima Catlin","=""""","=""""",4,4.30,Houghton Mifflin,Paperback,366,2002,1937,,2023/12/01,,,read,,,,1,0
8536609,Povratak kralja (Gospodar prstenova #3),J.R.R. Tolkien,"Tolkien, J.R.R.","Zlatko Crnković, Pierre Vinet","=""9536166135""","=""9789536166138""",5,4.58,Algoritam,Hardcover,505,1996,1955,,2023/12/01,,,read,,,,1,0
48710906,Gospodar prstenova 2 - Dve kule (MP),J.R.R. Tolkien,"Tolkien, J.R.R.",,"=""8660356608""","=""9788660356606""",5,4.50,Publik Praktikum,Paperback,0,2019,1954,,2023/12/01,,,read,,,,1,0
140109,Destiny of Souls: New Case Studies of Life Between Lives,Michael   Newton,"Newton, Michael",,"=""1567184995""","=""9781567184990""",4,4.35,Llewellyn Publications,Paperback,432,2000,2000,,2023/12/01,,,read,,,,1,0
104979,Journey of Souls: Case Studies of Life Between Lives,Michael   Newton,"Newton, Michael",,"=""1567184855""","=""9781567184853""",5,4.31,Llewellyn Publications,Paperback,278,1994,2000,,2023/12/01,,,read,,,,1,0
16098910,Letting Go: The Pathway To Surrender,David R. Hawkins,"Hawkins, David R.",,"=""193388598X""","=""9781933885988""",5,4.08,Veritas Publishing,Hardcover,368,2012,2012,,2023/12/01,,,read,,,,1,0
19795,Power vs. Force: The Hidden Determinants of Human Behavior (Paperback),David R. Hawkins,"Hawkins, David R.",,"=""1561709336""","=""9781561709335""",5,4.15,Hay House,Unknown Binding,341,2002,1985,,2023/12/01,,,read,,,,1,0
10048901,Knjiga o groblju,Neil Gaiman,"Gaiman, Neil","Draško Roganović, Chris Riddell","=""8652102066""","=""9788652102068""",4,4.15,Laguna,Paperback,256,2009,2008,,2023/12/01,,,read,,,,1,0
37505641,Nordijska mitologija,Neil Gaiman,"Gaiman, Neil",Nevena Andrić,"=""8652128286""","=""9788652128280""",3,4.10,Laguna,Paperback,272,2017,2017,,2023/12/01,,,read,,,,1,0
8558622,Farenhajt 451,Ray Bradbury,"Bradbury, Ray",Goran Kapetanović,"=""""","=""""",4,3.97,Laguna,Paperback,191,2003,1953,,2023/12/01,,,read,,,,1,0
11480074,Smrt u Veneciji / Tonio Kreger,Tomas Man,"Man, Tomas",,"=""8674460445""","=""9788674460443""",3,3.85,Novosti,Hardcover,190,2004,1912,,2023/12/01,,,read,,,,1,0
34373844,Razgovori s Bogom 1,Neale Donald Walsch,"Walsch, Neale Donald",,"=""""","=""9788683909759""",4,4.21,"ID Leo commerce, Beograd",Paperback,164,2015,1995,,2023/12/01,,,read,,,,1,0
60833301,Nesputana duša,Michael A. Singer,"Singer, Michael A.",,"=""8644500368""","=""9788644500360""",4,4.20,Verba,,231,,2007,,2023/12/01,,,read,,,,1,0
34452,"Many Lives, Many Masters: The True Story of a Prominent Psychiatrist, His Young Patient, and the Past Life Therapy That Changed Both Their Lives",Brian L. Weiss,"Weiss, Brian L.",,"=""0446520594""","=""9780446520591""",5,4.17,Grand Central Publishing,Hardcover,224,1996,1988,,2023/12/01,,,read,,,,1,0
22032452,Lov na Romela,Steven Pressfield,"Pressfield, Steven",Nenad Dropulić,"=""8652113343""","=""9788652113347""",3,3.99,Laguna,Paperback,366,2013,2008,,2023/12/01,,,read,,,,1,0
11103027,Pohod Na Avganistan,Steven Pressfield,"Pressfield, Steven",Tanja Milosavljević,"=""8652103151""","=""9788652103157""",4,4.01,Laguna,Paperback,344,2010,2006,,2023/12/01,,,read,,,,1,0
15986900,Poslednja Amazonka,Steven Pressfield,"Pressfield, Steven",,"=""8652107564""","=""9788652107568""",5,3.80,Laguna,Paperback,460,2011,2002,,2023/12/01,,,read,,,,1,0
22038723,Aleksandar: Vrline rata,Steven Pressfield,"Pressfield, Steven",Nenad Dropulić,"=""8674369413""","=""9788674369418""",4,4.03,Laguna,Paperback,392,2008,2004,,2023/12/01,,,read,,,,1,0
22037949,Plime rata,Steven Pressfield,"Pressfield, Steven",Tatjana Bižić,"=""8674362818""","=""""",5,3.92,Laguna,Paperback,425,,2000,,2023/12/01,,,read,,,,1,0
1746213,Ognjena kapija,Steven Pressfield,"Pressfield, Steven",,"=""8674361196""","=""9788674361191""",5,4.40,Laguna,Paperback,389,2003,1998,,2023/12/01,,,read,,,,1,0
17690,The Trial,Franz Kafka,"Kafka, Franz","Max Brod, Willa Muir, Edwin Muir","=""""","=""""",4,3.94,Vintage,Paperback,255,2001,1925,,2023/12/01,,,read,,,,1,0
12406029,"Južno od granice, zapadno od sunca",Haruki Murakami,"Murakami, Haruki",Nataša Tomić,"=""867666093X""","=""9788676660933""",4,3.85,Geopoetika,Paperback,174,2006,1992,,2023/12/01,,,read,,,,1,0
6437669,Kad padne noć,Haruki Murakami,"Murakami, Haruki",Nataša Tomić,"=""8676661464""","=""9788676661466""",4,3.74,Geopoetika,Paperback,152,2008,2004,,2023/12/01,,,read,,,,1,0
30110788,Damian,Hermann Hesse,"Hesse, Hermann",,"=""""","=""""",5,4.14,,Unknown Binding,,,1919,,2023/12/01,,,read,,,,1,0
9266094,Veronika je odlučila da umre,Paulo Coelho,"Coelho, Paulo",,"=""8674483143""","=""""",4,3.74,Paideia,Hardcover,154,2006,1998,,2023/12/01,,,read,,,,1,0
48843078,Kockar,Fyodor Dostoevsky,"Dostoevsky, Fyodor",,"=""8676742774""","=""9788676742776""",3,3.91,Otvorena knjiga,Paperback,188,2017,1866,,2023/12/01,,,read,,,,1,0
32798721,Majstor i Margarita,Mikhail Bulgakov,"Bulgakov, Mikhail",Milan Čolić,"=""8610013650""","=""9788610013658""",5,4.28,Vulkan izdavaštvo ,Hardcover,375,2015,1967,,2023/12/01,,,read,,,,1,0
17201643,Borilački Klub,Chuck Palahniuk,"Palahniuk, Chuck",Ognjen Radović,"=""9995542099""","=""9789995542092""",4,4.18,Biblioner,Hardcover,186,2010,1996,,2023/12/01,,,read,,,,1,0
25397832,O miševima i ljudima,John Steinbeck,"Steinbeck, John",Danilo Mihajlović,"=""8652118124""","=""9788652118120""",5,3.90,Laguna,Paperback,120,2015,1937,,2023/12/01,,,read,,,,1,0
7144,Crime and Punishment,Fyodor Dostoevsky,"Dostoevsky, Fyodor","David McDuff, Joseph Frank","=""""","=""""",0,4.29,Penguin,Paperback,671,2002,1866,,2023/12/01,to-read,to-read (#9),to-read,,,,0,0
22904,The Complete Stories,Franz Kafka,"Kafka, Franz","John Updike, Nahum N. Glatzer, Willa Muir, Edwin Muir, Tania Stern, James Stern, Ernst Kaiser, Eithne Wilkins","=""""","=""""",0,4.33,Schocken,Paperback,486,1995,1970,,2023/12/01,to-read,to-read (#8),to-read,,,,0,0
14028,Snow Country,Yasunari Kawabata,"Kawabata, Yasunari",Edward G. Seidensticker,"=""0679761047""","=""9780679761044""",0,3.56,Vintage,Paperback,175,1996,1948,,2023/12/01,to-read,to-read (#7),to-read,,,,0,0
1232,"The Shadow of the Wind (The Cemetery of Forgotten Books, #1)",Carlos Ruiz Zafón,"Zafón, Carlos Ruiz",Lucia Graves,"=""""","=""""",0,4.31,Penguin Books,Paperback,487,2005,2001,,2023/12/01,to-read,to-read (#6),to-read,,,,0,0
53404244,A Man at Arms,Steven Pressfield,"Pressfield, Steven",,"=""0393540979""","=""9780393540970""",0,3.99,W. W. Norton & Company,Hardcover,336,2021,2021,,2023/12/01,to-read,to-read (#5),to-read,,,,0,0
7126,The Count of Monte Cristo,Alexandre Dumas,"Dumas, Alexandre",Robin Buss,"=""0140449264""","=""9780140449266""",0,4.32,Penguin Classics,Paperback,1276,2003,1844,,2023/11/30,to-read,to-read (#4),to-read,,,,0,0
7329,Unfinished Tales,J.R.R. Tolkien,"Tolkien, J.R.R.",Christopher Tolkien,"=""026110215X""","=""9780261102156""",0,4.02,HarperCollins,Hardcover,452,2000,1980,,2023/11/30,to-read,to-read (#3),to-read,,,,0,0
3590,"The Adventures of Sherlock Holmes (Sherlock Holmes, #3)",Arthur Conan Doyle,"Doyle, Arthur Conan",,"=""""","=""""",0,4.30,Oxford University Press,Paperback,389,1998,1892,,2023/11/30,to-read,to-read (#2),to-read,,,,0,0
30553,The Road to Wigan Pier,George Orwell,"Orwell, George",Richard Hoggart,"=""""","=""""",0,3.91,Penguin Classics,Paperback,215,2001,1937,,2023/11/30,to-read,to-read (#1),to-read,,,,0,0
18505792,The Ocean at the End of the Lane,Neil Gaiman,"Gaiman, Neil",,"=""0062255665""","=""9780062255662""",0,4.01,William Morrow,Paperback,195,2014,2013,,2023/11/30,,,to-read,,,,0,0
